,link,Product_Name,RAM,SSD,Price,Previous_Price,Promote,Gift,Status
0,https://www.thegioididong.com/laptop/asus-vivobook-go-15-e1504fa-r5-nj776w?utm_flashsale=1,Trả góp 0%      Tặng Office              Asus Vivobook Go 15 E1504FA R5 7520U (NJ776W)           RAM 16 GB SSD 512 GB  Online giá rẻ quá 12.590.000₫  14.490.000₫ -13%  Quà 1.090.000₫,16 GB,512 GB,12.590.000,14.490.000,-13%,1.090.000,0
1,https://www.thegioididong.com/laptop/dell-inspiron-15-3520-i5-n5i5052w1,Trả góp 0%                  Dell Inspiron 15 3520 i5 1235U (N5I5052W1)           RAM 16 GB SSD 512 GB  16.490.000₫  16.990.000₫  Quà 100.000₫,16 GB,512 GB,16.490.000,16.990.000,N/A,N/A,0
2,https://www.thegioididong.com/laptop/hp-15-fd0234tu-i5-9q969pa,Trả góp 0%     Tặng Office              HP 15 fd0234TU i5 1334U (9Q969PA)           RAM 16 GB SSD 512 GB  16.790.000₫  19.790.000₫ -15%  Quà 1.190.000₫,16 GB,512 GB,16.790.000,19.790.000,-15%,1.190.000,0
3,https://www.thegioididong.com/laptop/lenovo-ideapad-slim-3-15iah8-i5-83er00evn,Trả góp 0%     Tặng Office              Lenovo Ideapad Slim 3 15IAH8 i5 12450H (83ER000EVN)           RAM 16 GB SSD 512 GB  14.290.000₫  15.990.000₫ -10%  Quà 1.090.000₫,16 GB,512 GB,14.290.000,15.990.000,-10%,1.090.000,0
4,https://www.thegioididong.com/laptop/acer-aspire-a315-44p-r9w8-r7-nxksjsv002,Trả góp 0%     Tặng Office              Acer Aspire 3 A315 44P R9W8 R7 5700U (NX.KSJSV.002)           RAM 8 GB SSD 512 GB  10.990.000₫  12.990.000₫ -15%  Quà 1.090.000₫,8 GB,512 GB,10.990.000,12.990.000,-15%,1.090.000,0
5,https://www.thegioididong.com/laptop/hp-15-fc0085au-r5-a6vv8pa,Trả góp 0%     Tặng Office              HP 15 fc0085AU R5 7430U (A6VV8PA)           RAM 16 GB SSD 512 GB  13.590.000₫  15.190.000₫ -10%  Quà 1.190.000₫,16 GB,512 GB,13.590.000,15.190.000,-10%,1.190.000,0
6,https://www.thegioididong.com/laptop/asus-vivobook-15-x1504za-i3-nj102w?utm_flashsale=1,Trả góp 0%     Tặng Office              Asus Vivobook 15 X1504ZA i3 1215U (NJ102W)           RAM 8 GB SSD 512 GB  Online giá rẻ quá 10.490.000₫  12.290.000₫ -14%  Quà 1.090.000₫,8 GB,512 GB,10.490.000,12.290.000,-14%,1.090.000,0
7,https://www.thegioididong.com/laptop/lenovo-ideapad-slim-3-15amn8-r5-82xq00j0vn,Trả góp 0%     Tặng Office              Lenovo Ideapad Slim 3 15AMN8 R5 7520U (82XQ00J0VN)           RAM 16 GB SSD 512 GB  11.790.000₫  14.390.000₫ -18%  Quà 1.090.000₫,16 GB,512 GB,11.790.000,14.390.000,-18%,1.090.000,0
8,https://www.thegioididong.com/laptop/apple-macbook-air-2020-mgn63saa,Trả góp 0%                  MacBook Air 13 inch M1           RAM 8 GB SSD 256 GB  Online giá rẻ quá 18.590.000₫  19.990.000₫ -7%,8 GB,256 GB,18.590.000,19.990.000,-7%,N/A,0
9,https://www.thegioididong.com/laptop/acer-aspire-lite-14-51m-59bn-i5-nxktxsv001,Trả góp 0%     Tặng Office              Acer Aspire Lite 14 51M 59BN i5 1235U (NX.KTXSV.001)           RAM 16 GB SSD 512 GB  13.990.000₫  14.990.000₫ -6%  Quà 1.090.000₫,16 GB,512 GB,13.990.000,14.990.000,-6%,1.090.000,0
10,https://www.thegioididong.com/laptop/asus-asus-vivobook-15-oled-a1505za-i5-ma415w,Trả góp 0%     Tặng Office              Asus Vivobook 15 OLED A1505ZA i5 12500H (MA415W)           RAM 16 GB SSD 512 GB  16.990.000₫  19.990.000₫ -15%  Quà 1.090.000₫,16 GB,512 GB,16.990.000,19.990.000,-15%,1.090.000,0
11,https://www.thegioididong.com/laptop/hp-15-fd0303tu-i3-a2nl4pa,Trả góp 0%     Tặng Office              HP 15 fd0303TU i3 1315U (A2NL4PA)           RAM 8 GB SSD 512 GB  11.790.000₫  13.490.000₫ -12%  Quà 1.190.000₫,8 GB,512 GB,11.790.000,13.490.000,-12%,1.190.000,0
12,https://www.thegioididong.com/laptop/acer-aspire-3-a314-42p-r3b3-r7-nxksfsv001,Trả góp 0%     Tặng Office              Acer Aspire 3 A314 42P R3B3 R7 5700U (NX.KSFSV.001)           RAM 16 GB SSD 512 GB  12.490.000₫  13.990.000₫ -10%  Quà 1.090.000₫,16 GB,512 GB,12.490.000,13.990.000,-10%,1.090.000,0
13,https://www.thegioididong.com/laptop/dell-inspiron-15-3520-i5-25p231,Trả góp 0%                  Dell Inspiron 15 3520 i5 1235U           RAM 16 GB SSD 512 GB  16.490.000₫  16.990.000₫  Quà 100.000₫,16 GB,512 GB,16.490.000,16.990.000,N/A,N/A,0
14,https://www.thegioididong.com/laptop/asus-vivobook-x1404za-i5-nk376w,Trả góp 0%     Tặng Office              Asus Vivobook X1404ZA i5 1235U (NK376W)           RAM 16 GB SSD 512 GB  14.590.000₫  16.490.000₫ -11%  Quà 1.090.000₫,16 GB,512 GB,14.590.000,16.490.000,-11%,1.090.000,0
15,https://www.thegioididong.com/laptop/hp-240-g9-i5-ag2j7at,Trả góp 0%     Tặng Office              HP 240 G9 i5 1235U (AG2J7AT)           RAM 16 GB SSD 512 GB  15.690.000₫  19.590.000₫ -19%  Quà 1.190.000₫,16 GB,512 GB,15.690.000,19.590.000,-19%,1.190.000,0
16,https://www.thegioididong.com/laptop/acer-aspire-3-a315-58-529v-i5-nxaddsv00n,Mẫu mới Trả góp 0%     Tặng Office              Acer Aspire 3 A315 58 529V i5 1135G7 (NX.ADDSV.00N)                 Mẫu mới   RAM 8 GB SSD 256 GB  9.990.000₫  10.990.000₫ -9%  Quà 1.090.000₫,8 GB,256 GB,9.990.000,10.990.000,-9%,1.090.000,1
17,https://www.thegioididong.com/laptop/lenovo-loq-gaming-15iax9-i5-83gs000jvn,Trả góp 0%     Tặng Office              Lenovo Gaming LOQ 15IAX9 i5 12450HX (83GS000JVN)           RAM 16 GB SSD 512 GB  21.690.000₫  24.990.000₫ -13%  Quà 1.090.000₫,16 GB,512 GB,21.690.000,24.990.000,-13%,1.090.000,0
18,https://www.thegioididong.com/laptop/asus-vivobook-k3605zf-i5-rp745w?utm_flashsale=1,Trả góp 0%     Tặng Office              Asus Gaming Vivobook K3605ZF i5 12500H (RP745W)           RAM 16 GB SSD 512 GB  Online giá rẻ quá 17.490.000₫  20.990.000₫ -16%  Quà 1.090.000₫,16 GB,512 GB,17.490.000,20.990.000,-16%,1.090.000,0
19,https://www.thegioididong.com/laptop/hp-245-g10-r5-a20tdpt,Trả góp 0%     Tặng Office              HP 245 G10 R5 7530U (A20TDPT)           RAM 8 GB SSD 512 GB  12.190.000₫  14.590.000₫ -16%  Quà 1.190.000₫,8 GB,512 GB,12.190.000,14.590.000,-16%,1.190.000,0
20,https://www.thegioididong.com/laptop/lenovo-ideapad-1-15alc7-r7-82r400c1vn,Trả góp 0%     Tặng Office              Lenovo Ideapad 1 15ALC7 R7 5700U (82R400C1VN)           RAM 16 GB SSD 512 GB  12.790.000₫  14.490.000₫ -11%  Quà 1.090.000₫,16 GB,512 GB,12.790.000,14.490.000,-11%,1.090.000,0
21,https://www.thegioididong.com/laptop/acer-aspire-lite-14-51m-36mh-i3-nxktvsv001,Trả góp 0%     Tặng Office              Acer Aspire Lite 14 51M 36MH i3 1215U (NX.KTVSV.001)           RAM 8 GB SSD 256 GB  9.490.000₫  10.490.000₫ -9%  Quà 1.090.000₫,8 GB,256 GB,9.490.000,10.490.000,-9%,1.090.000,0
22,https://www.thegioididong.com/laptop/msi-modern-15-b12mo-i5-628vn,Trả góp 0%     Tặng Office              MSI Modern 15 B12MO i5 1235U (628VN)           RAM 16 GB SSD 512 GB  12.490.000₫  14.990.000₫ -16%  Quà 1.090.000₫,16 GB,512 GB,12.490.000,14.990.000,-16%,1.090.000,0
23,https://www.thegioididong.com/laptop/asus-vivobook-x1404za-i3-nk246w?utm_flashsale=1,Trả góp 0%     Tặng Office              Asus Vivobook X1404ZA i3 1215U (NK246W)           RAM 8 GB SSD 512 GB  Online giá rẻ quá 10.190.000₫  11.990.000₫ -15%  Quà 1.090.000₫,8 GB,512 GB,10.190.000,11.990.000,-15%,1.090.000,0
24,https://www.thegioididong.com/laptop/apple-macbook-air-m2-2022,Trả góp 0%                  MacBook Air 13 inch M2           RAM 8 GB SSD 256 GB  Online giá rẻ quá 24.090.000₫  24.990.000₫,8 GB,256 GB,24.090.000,24.990.000,N/A,N/A,0
25,https://www.thegioididong.com/laptop/msi-gf63-thin-12ve-i5-460vn,Trả góp 0%     Tặng Office              MSI Gaming GF63 Thin 12VE i5 12450H (460VN)           RAM 16 GB SSD 512 GB  18.990.000₫  22.990.000₫ -17%  Quà 1.090.000₫,16 GB,512 GB,18.990.000,22.990.000,-17%,1.090.000,0
26,https://www.thegioididong.com/laptop/lenovo-loq-15iax9-i5-83gs00d9vn?utm_flashsale=1,Trả góp 0%     Tặng Office              Lenovo Gaming LOQ 15IAX9 i5 12450HX (83GS00D9VN)           RAM 24 GB SSD 512 GB  Online giá rẻ quá 22.190.000₫  25.490.000₫ -12%  Quà 990.000₫,24 GB,512 GB,22.190.000,25.490.000,-12%,N/A,0
27,https://www.thegioididong.com/laptop/dell-vostro-3520-i5-71030559,Trả góp 0%                  Dell Vostro 3520 i5 1235U (71030559)           RAM 16 GB SSD 512 GB  Online giá rẻ quá 16.390.000₫  16.990.000₫  Quà 100.000₫,16 GB,512 GB,16.390.000,16.990.000,N/A,N/A,0
28,https://www.thegioididong.com/laptop/acer-aspire-lite-14-51m-36pn-i3-nxktwsv001,Trả góp 0%     Tặng Office              Acer Aspire Lite 14 51M 36PN i3 1215U (NX.KTWSV.001)           RAM 8 GB SSD 512 GB  9.990.000₫  10.990.000₫ -9%  Quà 1.090.000₫,8 GB,512 GB,9.990.000,10.990.000,-9%,1.090.000,0
29,https://www.thegioididong.com/laptop/hp-victus-15-fa1139tx-i5-8y6w3pa,Trả góp 0%     Tặng Office              HP Gaming VICTUS 15 fa1139TX i5 12450H (8Y6W3PA)           RAM 16 GB SSD 512 GB  19.490.000₫  24.590.000₫ -20%  Quà 1.190.000₫,16 GB,512 GB,19.490.000,24.590.000,-20%,1.190.000,0
30,https://www.thegioididong.com/laptop/hp-240-g8-i3-6l1a2pa,Trả góp 0%     Tặng Office              HP 240 G8 i3 1115G4 (6L1A2PA)           RAM 8 GB SSD 512 GB  9.690.000₫  12.790.000₫ -24%  Quà 1.190.000₫,8 GB,512 GB,9.690.000,12.790.000,-24%,1.190.000,0
31,https://www.thegioididong.com/laptop/hp-pavilion-15-eg3093tu-i5-8c5l4pa,Trả góp 0%     Tặng Office              HP Pavilion 15 eg3093TU i5 1335U (8C5L4PA)           RAM 16 GB SSD 512 GB  18.990.000₫  21.290.000₫ -10%  Quà 1.190.000₫,16 GB,512 GB,18.990.000,21.290.000,-10%,1.190.000,0
32,https://www.thegioididong.com/laptop/dell-inspiron-15-3520-i5-71043883,Trả góp 0%                  Dell Inspiron 15 3520 i5 1235U (71043883)           RAM 16 GB SSD 512 GB  16.490.000₫  16.990.000₫  Quà 100.000₫,16 GB,512 GB,16.490.000,16.990.000,N/A,N/A,0
33,https://www.thegioididong.com/laptop/asus-tuf-gaming-a15-fa506nf-r5-hn012w,Trả góp 0%     Tặng Office              Asus TUF Gaming A15 FA506NF R5 7535HS (HN012W)           RAM 16 GB SSD 512 GB  16.990.000₫  20.990.000₫ -19%  Quà 1.090.000₫,16 GB,512 GB,16.990.000,20.990.000,-19%,1.090.000,0
34,https://www.thegioididong.com/laptop/hp-240-g9-i3-ag2j5at,Trả góp 0%     Tặng Office              HP 240 G9 i3 1215U (AG2J5AT)           RAM 8 GB SSD 512 GB  10.790.000₫  13.690.000₫ -21%  Quà 1.190.000₫,8 GB,512 GB,10.790.000,13.690.000,-21%,1.190.000,0
35,https://www.thegioididong.com/laptop/lenovo-ideapad-slim-3-15irh8-i7-83em003fvn,Trả góp 0%     Tặng Office              Lenovo Ideapad Slim 3 15IRH8 i7 13620H (83EM003FVN)           RAM 16 GB SSD 1 TB  17.390.000₫  19.490.000₫ -10%  Quà 1.090.000₫,16 GB,N/A,17.390.000,19.490.000,-10%,1.090.000,0
36,https://www.thegioididong.com/laptop/acer-aspire-5-a515-58gm-51lb-i5-nxkq4sv002,Trả góp 0%      Tặng Office              Acer Gaming Aspire 5 A515 58GM 51LB i5 13420H (NX.KQ4SV.002)           RAM 16 GB SSD 512 GB  16.990.000₫  20.490.000₫ -17%  Quà 1.890.000₫,16 GB,512 GB,16.990.000,20.490.000,-17%,1.890.000,0
37,https://www.thegioididong.com/laptop/msi-thin-15-b12ucx-i5-2046vn?utm_flashsale=1,Trả góp 0%     Tặng Office              MSI Gaming Thin 15 B12UCX i5 12450H (2046VN)           RAM 16 GB SSD 512 GB  Online giá rẻ quá 15.990.000₫  18.990.000₫ -15%  Quà 990.000₫,16 GB,512 GB,15.990.000,18.990.000,-15%,N/A,0
38,https://www.thegioididong.com/laptop/acer-aspire-5-a515-58m-56yx-i5-nxkq8sv005,Trả góp 0%     Tặng Office              Acer Aspire 5 A515 58M 56YX i5 13420H (NX.KQ8SV.005)           RAM 16 GB SSD 512 GB  14.990.000₫  17.490.000₫ -14%  Quà 1.090.000₫,16 GB,512 GB,14.990.000,17.490.000,-14%,1.090.000,0
39,https://www.thegioididong.com/laptop/lenovo-ideapad-5-14iah8-i5-83bf003wvn,Trả góp 0%     Tặng Office              Lenovo Ideapad Slim 5 14IAH8 i5 12450H (83BF003WVN)           RAM 16 GB SSD 1 TB  16.690.000₫  18.490.000₫ -9%  Quà 1.090.000₫,16 GB,N/A,16.690.000,18.490.000,-9%,1.090.000,0
40,https://www.thegioididong.com/laptop/dell-vostro-3530-i5-80gg93,Trả góp 0%                  Dell Vostro 3530 i5 1335U (80GG93)           RAM 16 GB SSD 512 GB  18.490.000₫  19.990.000₫ -7%  Quà 100.000₫,16 GB,512 GB,18.490.000,19.990.000,-7%,N/A,0
41,https://www.thegioididong.com/laptop/asus-vivobook-16-x1605va-i5-mb360w?utm_flashsale=1,Trả góp 0%      Tặng Office              Asus Vivobook 16 X1605VA i5 1335U (MB360W)           RAM 16 GB SSD 512 GB  Online giá rẻ quá 15.790.000₫  18.990.000₫ -16%  Quà 1.090.000₫,16 GB,512 GB,15.790.000,18.990.000,-16%,1.090.000,0
42,https://www.thegioididong.com/laptop/hp-15-fd0015tu-i7-a19c5pa,Trả góp 0%     Tặng Office              HP 15 fd0015TU i7 1355U (A19C5PA)           RAM 16 GB SSD 512 GB  19.890.000₫  21.990.000₫ -9%  Quà 1.190.000₫,16 GB,512 GB,19.890.000,21.990.000,-9%,1.190.000,0
43,https://www.thegioididong.com/laptop/asus-vivobook-14-x1404va-i5-nk050w,Trả góp 0%     Tặng Office              Asus Vivobook 14 X1404VA i5 1335U (NK050W)           RAM 16 GB SSD 512 GB  15.790.000₫  18.490.000₫ -14%  Quà 1.090.000₫,16 GB,512 GB,15.790.000,18.490.000,-14%,1.090.000,0
44,https://www.thegioididong.com/laptop/hp-victus-15-fb1022ax-r5-94f19pa,Trả góp 0%     Tặng Office              HP Gaming VICTUS 15 fb1022AX R5 7535HS (94F19PA)           RAM 16 GB SSD 512 GB  19.290.000₫  25.490.000₫ -24%  Quà 1.190.000₫,16 GB,512 GB,19.290.000,25.490.000,-24%,1.190.000,0
45,https://www.thegioididong.com/laptop/acer-aspire-a515-58gm-53pz-i5-nxkq4sv008,Trả góp 0%     Tặng Office              Acer Gaming Aspire 5 A515 58GM 53PZ i5 13420H (NX.KQ4SV.008)           RAM 8 GB SSD 512 GB  15.990.000₫  20.490.000₫ -21%  Quà 1.890.000₫,8 GB,512 GB,15.990.000,20.490.000,-21%,1.890.000,0
46,https://www.thegioididong.com/laptop/msi-thin-15-b12uc-i5-2045vn?utm_flashsale=1,Trả góp 0%     Tặng Office              MSI Gaming Thin 15 B12UC i5 12450H (2045VN)           RAM 16 GB SSD 512 GB  Online giá rẻ quá 16.990.000₫  20.990.000₫ -19%  Quà 990.000₫,16 GB,512 GB,16.990.000,20.990.000,-19%,N/A,0
47,https://www.thegioididong.com/laptop/asus-gaming-tuf-f15-fx507zc4-i5-hn330w,Trả góp 0%     Tặng Office              Asus TUF Gaming F15 FX507ZC4 i5 12500H (HN330W)           RAM 16 GB SSD 512 GB  20.490.000₫  24.990.000₫ -18%  Quà 1.090.000₫,16 GB,512 GB,20.490.000,24.990.000,-18%,1.090.000,0
48,https://www.thegioididong.com/laptop/acer-aspire-3-a315-510p-32ef-i3-nxkdhsv001,Trả góp 0%      Tặng Office              Acer Aspire 3 A315 510P 32EF i3 N305 (NX.KDHSV.001)           RAM 8 GB SSD 256 GB  8.990.000₫  9.990.000₫ -10%  Quà 1.090.000₫,8 GB,256 GB,8.990.000,9.990.000,-10%,1.090.000,0
49,https://www.thegioididong.com/laptop/msi-modern-15-b12mo-i7-487vn,Trả góp 0%     Tặng Office              MSI Modern 15 B12MO i7 1255U (487VN)           RAM 16 GB SSD 512 GB  14.990.000₫  19.490.000₫ -23%  Quà 1.090.000₫,16 GB,512 GB,14.990.000,19.490.000,-23%,1.090.000,0
50,https://www.thegioididong.com/laptop/hp-pavilion-15-eg2081tu-i5-7c0q4pa,Trả góp 0%     Tặng Office              HP Pavilion 15 eg2081TU i5 1240P (7C0Q4PA)           RAM 16 GB SSD 512 GB  17.490.000₫  20.990.000₫ -16%  Quà 1.190.000₫,16 GB,512 GB,17.490.000,20.990.000,-16%,1.190.000,0
51,https://www.thegioididong.com/laptop/asus-vivobook-k3605zc-i5-rp629w?utm_flashsale=1,Trả góp 0%     Tặng Office              Asus Gaming Vivobook K3605ZC i5 12500H (RP629W)           RAM 16 GB SSD 512 GB  Online giá rẻ quá 19.490.000₫  24.990.000₫ -22%  Quà 1.090.000₫,16 GB,512 GB,19.490.000,24.990.000,-22%,1.090.000,0
52,https://www.thegioididong.com/laptop/acer-nitro-an515-58-773y-i7-12700h-nhqfksv00116g,Mẫu mới Trả góp 0%     Tặng Office              Acer Gaming Nitro AN515 58 773Y i7 12700H (NH.QFKSV.001.16G)                 Mẫu mới   RAM 16 GB SSD 512 GB  23.490.000₫  33.790.000₫ -30%  Quà 1.890.000₫,16 GB,512 GB,23.490.000,33.790.000,-30%,1.890.000,1
53,https://www.thegioididong.com/laptop/hp-240-g9-i3-6l1x7pa?utm_flashsale=1,Trả góp 0%     Tặng Office              HP 240 G9 i3 1215U (6L1X7PA)           RAM 8 GB SSD 256 GB  Online giá rẻ quá 9.490.000₫  12.990.000₫ -26%  Quà 1.190.000₫,8 GB,256 GB,9.490.000,12.990.000,-26%,1.190.000,0
54,https://www.thegioididong.com/laptop/lenovo-loq-15arp9-r7-83jc0040vn,Trả góp 0%     Tặng Office              Lenovo Gaming LOQ 15ARP9 R7 7435HS (83JC0040VN)           RAM 24 GB SSD 512 GB  26.890.000₫  29.490.000₫ -8%  Quà 1.090.000₫,24 GB,512 GB,26.890.000,29.490.000,-8%,1.090.000,0
55,https://www.thegioididong.com/laptop/hp-240-g10-i5-9h2e4pt,Trả góp 0%     Tặng Office              HP 240 G10 i5 1335U (9H2E4PT)           RAM 16 GB SSD 512 GB  16.790.000₫  19.590.000₫ -14%  Quà 1.190.000₫,16 GB,512 GB,16.790.000,19.590.000,-14%,1.190.000,0
56,https://www.thegioididong.com/laptop/asus-vivobook-15-x1504za-i5-nj1528w,Trả góp 0%     Tặng Office              Asus Vivobook 15 X1504ZA i5 1235U (NJ1528W)           RAM 16 GB SSD 1 TB  15.390.000₫  17.490.000₫ -12%  Quà 1.090.000₫,16 GB,N/A,15.390.000,17.490.000,-12%,1.090.000,0
57,https://www.thegioididong.com/laptop/asus-vivobook-15-x1504za-i5-nj1546w,Trả góp 0%     Tặng Office              Asus Vivobook 15 X1504ZA i5 1235U (NJ1546W)           RAM 16 GB SSD 512 GB  14.990.000₫  16.990.000₫ -11%  Quà 1.090.000₫,16 GB,512 GB,14.990.000,16.990.000,-11%,1.090.000,0
58,https://www.thegioididong.com/laptop/acer-aspire-lite-15-51m-5542-i5-nxks5sv001,Trả góp 0%     Tặng Office              Acer Aspire Lite 15 51M 5542 i5 1155G7 (NX.KS5SV.001)           RAM 16 GB SSD 512 GB  11.490.000₫  13.990.000₫ -17%  Quà 1.090.000₫,16 GB,512 GB,11.490.000,13.990.000,-17%,1.090.000,0
59,https://www.thegioididong.com/laptop/hp-pavilion-15-eg3091tu-i7-8c5l2pa,Trả góp 0%     Tặng Office              HP Pavilion 15 eg3091TU i7 1355U (8C5L2PA)           RAM 16 GB SSD 512 GB  22.790.000₫  25.290.000₫ -9%  Quà 1.190.000₫,16 GB,512 GB,22.790.000,25.290.000,-9%,1.190.000,0
60,https://www.thegioididong.com/laptop/dell-vostro-15-3520-i5-5m2tt2,Trả góp 0%                  Dell Vostro 15 3520 i5 1235U (5M2TT2)           RAM 8 GB SSD 512 GB  15.490.000₫ Quà 100.000₫,8 GB,512 GB,15.490.000,N/A,N/A,N/A,0
61,https://www.thegioididong.com/laptop/msi-modern-15-b12mo-i5-625vn,Trả góp 0%      Tặng Office              MSI Modern 15 B12MO i5 1235U (625VN)           RAM 8 GB SSD 512 GB  11.490.000₫  13.990.000₫ -17%  Quà 1.090.000₫,8 GB,512 GB,11.490.000,13.990.000,-17%,1.090.000,0
62,https://www.thegioididong.com/laptop/hp-pavilion-x360-14-ek2024tu-core-5-9z2v6pa,Trả góp 0%     Tặng Office              HP Pavilion X360 14 ek2024TU Core 5 120U (9Z2V6PA)           RAM 16 GB SSD 512 GB  23.690.000₫  24.990.000₫ -5%  Quà 1.190.000₫,16 GB,512 GB,23.690.000,24.990.000,-5%,1.190.000,0
63,https://www.thegioididong.com/laptop/lenovo-ideapad-slim-5-15iru9-core-5-83d0000evn?utm_flashsale=1,Trả góp 0%     Tặng Office              Lenovo Ideapad Slim 5 15IRU9 Core 5 120U (83D0000EVN)           RAM 16 GB SSD 512 GB  Online giá rẻ quá 17.990.000₫  21.690.000₫ -17%  Quà 1.090.000₫,16 GB,512 GB,17.990.000,21.690.000,-17%,1.090.000,0
64,https://www.thegioididong.com/laptop/lenovo-loq-15iax9-i5-83gs00dbvn,Trả góp 0%     Tặng Office              Lenovo Gaming LOQ 15IAX9 i5 12450HX (83GS00DBVN)           RAM 24 GB SSD 512 GB  21.290.000₫  23.490.000₫ -9%  Quà 1.090.000₫,24 GB,512 GB,21.290.000,23.490.000,-9%,1.090.000,0
65,https://www.thegioididong.com/laptop/asus-fx507zc4-i7-hn181w,Trả góp 0%     Tặng Office              Asus TUF Gaming F15 FX507ZC4 i7 12700H (HN181W)           RAM 16 GB SSD 512 GB  23.490.000₫  26.990.000₫ -12%  Quà 1.090.000₫,16 GB,512 GB,23.490.000,26.990.000,-12%,1.090.000,0
66,https://www.thegioididong.com/laptop/acer-aspire-3-a315-59-5283-i5-nxk6tsv00b,Trả góp 0%     Tặng Office              Acer Aspire 3 A315 59 5283 i5 1235U (NX.K6TSV.00B)           RAM 8 GB SSD 512 GB  12.490.000₫  15.990.000₫ -21%  Quà 1.090.000₫,8 GB,512 GB,12.490.000,15.990.000,-21%,1.090.000,0
67,https://www.thegioididong.com/laptop/acer-aspire-5-a515-58p-34rj-i3-nxkhjsv003,Trả góp 0%      Tặng Office              Acer Aspire 5 A515 58P 34RJ i3 1315U (NX.KHJSV.003)           RAM 8 GB SSD 512 GB  9.990.000₫  13.090.000₫ -23%  Quà 1.090.000₫,8 GB,512 GB,9.990.000,13.090.000,-23%,1.090.000,0
68,https://www.thegioididong.com/laptop/asus-vivobook-15-oled-a1505va-i5-l1341w?utm_flashsale=1,Trả góp 0%     Tặng Office              Asus Vivobook 15 OLED A1505VA i5 13500H (L1341W)           RAM 16 GB SSD 512 GB  Online giá rẻ quá 17.690.000₫  19.990.000₫ -11%  Quà 1.090.000₫,16 GB,512 GB,17.690.000,19.990.000,-11%,1.090.000,0
69,https://www.thegioididong.com/laptop/dell-inspiron-15-3530-i7-n5i7301w1,Trả góp 0%                  Dell Inspiron 15 3530 i7 1355U (N5I7301W1)           RAM 16 GB SSD 512 GB  21.490.000₫  22.390.000₫  Quà 100.000₫,16 GB,512 GB,21.490.000,22.390.000,N/A,N/A,0
70,https://www.thegioididong.com/laptop/msi-katana-15-b13udxk-i7-2077vn,Trả góp 0%     Tặng Office              MSI Gaming Katana 15 B13UDXK i7 13620H (2077VN)           RAM 16 GB SSD 1 TB  23.990.000₫  26.990.000₫ -11%  Quà 990.000₫,16 GB,N/A,23.990.000,26.990.000,-11%,N/A,0
71,https://www.thegioididong.com/laptop/hp-pavilion-15-eg2088tu-i7-7c0r0pa,Trả góp 0%     Tặng Office              HP Pavilion 15 eg2088TU i7 1260P (7C0R0PA)           RAM 16 GB SSD 512 GB  21.190.000₫  25.290.000₫ -16%  Quà 1.190.000₫,16 GB,512 GB,21.190.000,25.290.000,-16%,1.190.000,0
72,https://www.thegioididong.com/laptop/acer-aspire-7-gaming-a715-76g-5806-i5-nhqmfsv002,Trả góp 0%     Tặng Office              Acer Gaming Aspire 7 A715 76G 5806 i5 12450H (NH.QMFSV.002)           RAM 16 GB SSD 512 GB  18.990.000₫  22.990.000₫ -17%  Quà 1.890.000₫,16 GB,512 GB,18.990.000,22.990.000,-17%,1.890.000,0
73,https://www.thegioididong.com/laptop/lenovo-thinkpad-v14-i7-83a00012vn,Trả góp 0%     Tặng Office              Lenovo V14 G4 i7 1355U (83A00012VN)           RAM 16 GB SSD 512 GB  18.990.000₫  19.990.000₫ -5%  Quà 1.090.000₫,16 GB,512 GB,18.990.000,19.990.000,-5%,1.090.000,0
74,https://www.thegioididong.com/laptop/lenovo-thinkpad-e14-ultra-7-21m7004uvn,Trả góp 0%     Tặng Office              Lenovo ThinkPad E14 Gen 6 Ultra 7 155U (21M7004UVN)           RAM 16 GB SSD 512 GB  27.990.000₫  28.790.000₫  Quà 1.090.000₫,16 GB,512 GB,27.990.000,28.790.000,N/A,1.090.000,0
75,https://www.thegioididong.com/laptop/dell-latitude-3440-i5-l3440i51235u16g512g,Trả góp 0%     Tặng Office              Dell Latitude 3440 i5 1235U (L3440-I51235U-16G512G)           RAM 16 GB SSD 512 GB  16.990.000₫  18.990.000₫ -10%  Quà 1.090.000₫,16 GB,512 GB,16.990.000,18.990.000,-10%,1.090.000,0
76,https://www.thegioididong.com/laptop/dell-inspiron-15-3530-i5-n5i5340w1,Trả góp 0%                  Dell Inspiron 15 3530 i5 1334U (N5I5340W1)           RAM 16 GB SSD 512 GB  18.490.000₫  19.990.000₫ -7%  Quà 100.000₫,16 GB,512 GB,18.490.000,19.990.000,-7%,N/A,0
77,https://www.thegioididong.com/laptop/asus-vivobook-15-x1504va-i5-nj025w?utm_flashsale=1,Trả góp 0%     Tặng Office              Asus Vivobook 15 X1504VA i5 1335U (NJ025W)           RAM 8 GB SSD 512 GB  Online giá rẻ quá 13.490.000₫  17.990.000₫ -25%  Quà 1.090.000₫,8 GB,512 GB,13.490.000,17.990.000,-25%,1.090.000,0
78,https://www.thegioididong.com/laptop/acer-aspire-lite-15-51m-55nb-i5-nxkrssv001,Trả góp 0%     Tặng Office              Acer Aspire Lite 15 51M 55NB i5 1155G7 (NX.KRSSV.001)           RAM 8 GB SSD 512 GB  11.490.000₫  12.990.000₫ -11%  Quà 1.090.000₫,8 GB,512 GB,11.490.000,12.990.000,-11%,1.090.000,0
79,https://www.thegioididong.com/laptop/msi-modern-14-c13m-i5-611vn,Trả góp 0%     Tặng Office              MSI Modern 14 C13M i5 1335U (611VN)           RAM 16 GB SSD 512 GB  13.490.000₫  18.490.000₫ -27%  Quà 1.090.000₫,16 GB,512 GB,13.490.000,18.490.000,-27%,1.090.000,0
80,https://www.thegioididong.com/laptop/asus-tuf-gaming-f15-fx507zc4-i5-hn229w,Trả góp 0%     Tặng Office              Asus TUF Gaming F15 FX507ZC4 i5 12500H (HN229W)           RAM 16 GB SSD 1 TB  21.490.000₫  25.990.000₫ -17%  Quà 1.090.000₫,16 GB,N/A,21.490.000,25.990.000,-17%,1.090.000,0
81,https://www.thegioididong.com/laptop/msi-gaming-gf63-thin-12uc-i7-887vn,Trả góp 0%     Tặng Office              MSI Gaming GF63 Thin 12UC i7 12650H (887VN)           RAM 8 GB SSD 512 GB  17.990.000₫  20.990.000₫ -14%  Quà 1.090.000₫,8 GB,512 GB,17.990.000,20.990.000,-14%,1.090.000,0
82,https://www.thegioididong.com/laptop/hp-240-g9-i5-6l1y2pa?utm_flashsale=1,Trả góp 0%     Tặng Office              HP 240 G9 i5 1235U (6L1Y2PA)           RAM 8 GB SSD 512 GB  Online giá rẻ quá 14.490.000₫  18.590.000₫ -22%  Quà 1.190.000₫,8 GB,512 GB,14.490.000,18.590.000,-22%,1.190.000,0
83,https://www.thegioididong.com/laptop/hp-pavilion-15-eg2082tu-i5-7c0q5pa,Trả góp 0%      Tặng Office              HP Pavilion 15 eg2082TU i5 1240P (7C0Q5PA)           RAM 8 GB SSD 512 GB  16.390.000₫  19.790.000₫ -17%  Quà 1.190.000₫,8 GB,512 GB,16.390.000,19.790.000,-17%,1.190.000,0
84,https://www.thegioididong.com/laptop/macbook-air-13-inch-m3-2024,Trả góp 0%                  MacBook Air 13 inch M3           RAM 8 GB SSD 256 GB    8GB - 256GB 16GB - 256GB 8GB - 512GB 16GB - 512GB   Online giá rẻ quá 27.090.000₫  27.990.000₫,8 GB,256 GB,27.090.000,27.990.000,N/A,N/A,0
85,N/A,N/A,N/A,N/A,N/A,N/A,N/A,N/A,0
86,N/A,N/A,N/A,N/A,N/A,N/A,N/A,N/A,0
87,N/A,N/A,N/A,N/A,N/A,N/A,N/A,N/A,0
88,N/A,N/A,N/A,N/A,N/A,N/A,N/A,N/A,0
89,https://www.thegioididong.com/laptop/lenovo-ideapad-slim-5-14imh9-ultra-7-83da0020vn?utm_flashsale=1,Trả góp 0%     Tặng Office              Lenovo IdeaPad Slim 5 14IMH9 Ultra 7 155H (83DA0020VN)           RAM 32 GB SSD 1 TB  Online giá rẻ quá 25.990.000₫  28.690.000₫ -9%  Quà 1.090.000₫,32 GB,N/A,25.990.000,28.690.000,-9%,1.090.000,0
90,https://www.thegioididong.com/laptop/dell-inspiron-15-3530-i7-p16wd,Trả góp 0%                  Dell Inspiron 15 3530 i7 1355U (P16WD)           RAM 16 GB SSD 1 TB  21.990.000₫  23.490.000₫ -6%  Quà 100.000₫,16 GB,N/A,21.990.000,23.490.000,-6%,N/A,0
91,https://www.thegioididong.com/laptop/dell-vostro-15-3520-i5-v3520i5u165w11gru,Trả góp 0%                  Dell Vostro 15 3520 i5 1235U (V3520-i5U165W11GRU)           RAM 16 GB SSD 512 GB  16.490.000₫  16.990.000₫  Quà 100.000₫,16 GB,512 GB,16.490.000,16.990.000,N/A,N/A,0
92,https://www.thegioididong.com/laptop/acer-aspire-5-a514-56p-742f-i7-nxkhrsv005,Mẫu mới Trả góp 0%     Tặng Office              Acer Aspire 5 A514 56P 742F i7 1355U (NX.KHRSV.005)                 Mẫu mới   RAM 16 GB SSD 512 GB  Online giá rẻ quá 13.990.000₫  19.990.000₫ -30%  Quà 990.000₫,16 GB,512 GB,13.990.000,19.990.000,-30%,N/A,1
93,https://www.thegioididong.com/laptop/asus-tuf-gaming-a15-fa506nc-r5-hn017w?utm_flashsale=1,Trả góp 0%     Tặng Office              Asus TUF Gaming A15 FA506NC R5 7535HS (HN017W)           RAM 16 GB SSD 512 GB  Online giá rẻ quá 18.490.000₫  22.990.000₫ -19%  Quà 1.090.000₫,16 GB,512 GB,18.490.000,22.990.000,-19%,1.090.000,0
94,https://www.thegioididong.com/laptop/msi-bravo-15-b7ed-r5-010vn,Trả góp 0%     Tặng Office              MSI Gaming Bravo 15 B7ED R5 7535HS (010VN)           RAM 16 GB SSD 512 GB  16.490.000₫  18.490.000₫ -10%  Quà 1.090.000₫,16 GB,512 GB,16.490.000,18.490.000,-10%,1.090.000,0
95,https://www.thegioididong.com/laptop/asus-vivobook-s-16-oled-s5606ma-ultra-5-mx050w?utm_flashsale=1,Trả góp 0%     Tặng Office              Asus Vivobook S 16 OLED S5606MA Ultra 5 125H (MX050W)           RAM 16 GB SSD 512 GB  Online giá rẻ quá 23.990.000₫  27.990.000₫ -14%  Quà 1.090.000₫,16 GB,512 GB,23.990.000,27.990.000,-14%,1.090.000,0
96,https://www.thegioididong.com/laptop/hp-15s-fq5162tu-i5-7c134pa?utm_flashsale=1,Trả góp 0%     Tặng Office              HP 15s fq5162TU i5 1235U (7C134PA)           RAM 8 GB SSD 512 GB  15.690.000₫  18.890.000₫ -16%  Quà 1.190.000₫,8 GB,512 GB,15.690.000,18.890.000,-16%,1.190.000,0
97,https://www.thegioididong.com/laptop/msi-katana-15-b13vfk-i7-676vn,Trả góp 0%     Tặng Office              MSI Gaming Katana 15 B13VFK i7 13620H (676VN)           RAM 16 GB SSD 1 TB  27.990.000₫  31.990.000₫ -12%  Quà 990.000₫,16 GB,N/A,27.990.000,31.990.000,-12%,N/A,0
98,https://www.thegioididong.com/laptop/hp-240-g9-i3-6l1x8pa,Trả góp 0%     Tặng Office              HP 240 G9 i3 1215U (6L1X8PA)           RAM 8 GB SSD 512 GB  10.790.000₫  13.690.000₫ -21%  Quà 1.190.000₫,8 GB,512 GB,10.790.000,13.690.000,-21%,1.190.000,0
99,https://www.thegioididong.com/laptop/acer-aspire-5-a515-58p-774r-i7-nxkhjsv005,Mẫu mới Trả góp 0%     Tặng Office              Acer Aspire 5 A515 58P 774R i7 1355U (NX.KHJSV.005)                 Mẫu mới   RAM 16 GB SSD 512 GB  Online giá rẻ quá 13.990.000₫  19.990.000₫ -30%  Quà 990.000₫,16 GB,512 GB,13.990.000,19.990.000,-30%,N/A,1
100,https://www.thegioididong.com/laptop/lenovo-ideapad-3-15iau7-i7-82rk00x0vn,Trả góp 0%     Tặng Office              Lenovo Ideapad 3 15IAU7 i7 1255U (82RK00X0VN)           RAM 16 GB SSD 1 TB  16.490.000₫  18.990.000₫ -13%  Quà 1.090.000₫,16 GB,N/A,16.490.000,18.990.000,-13%,1.090.000,0
101,https://www.thegioididong.com/laptop/lenovo-v15-g4-iru-i5-83a1000lvn?utm_flashsale=1,Trả góp 0%     Tặng Office              Lenovo V15 G4 IRU i5 1335U (83A1000LVN)           RAM 16 GB SSD 512 GB  Online giá rẻ quá 14.490.000₫  17.990.000₫ -19%  Quà 1.090.000₫,16 GB,512 GB,14.490.000,17.990.000,-19%,1.090.000,0
102,https://www.thegioididong.com/laptop/dell-inspiron-15-3530-i7-71043888,Trả góp 0%                  Dell Inspiron 15 3530 i7 1355U (71043888)           RAM 16 GB SSD 512 GB  21.490.000₫  22.390.000₫  Quà 100.000₫,16 GB,512 GB,21.490.000,22.390.000,N/A,N/A,0
103,https://www.thegioididong.com/laptop/dell-inspiron-15-3520-i5u085w11blu,Trả góp 0%                  Dell Inspiron 15 3520 i5 1235U (i5U085W11BLU)           RAM 8 GB SSD 512 GB  15.490.000₫ Quà 100.000₫,8 GB,512 GB,15.490.000,N/A,N/A,N/A,0
104,https://www.thegioididong.com/laptop/asus-vivobook-s-14-flip-tp3402va-i5-lz031w,Trả góp 0%      Tặng Office              Asus Vivobook S 14 Flip TP3402VA i5 13500H (LZ031W)           RAM 16 GB SSD 512 GB  18.990.000₫  20.990.000₫ -9%  Quà 1.090.000₫,16 GB,512 GB,18.990.000,20.990.000,-9%,1.090.000,0
105,https://www.thegioididong.com/laptop/asus-x1504za-i5-nj1608w,Mẫu mới Trả góp 0%     Tặng Office              Asus Vivobook 15 X1504ZA i5 1235U (NJ1608W)                 Mẫu mới   RAM 16 GB SSD 512 GB  14.990.000₫  16.990.000₫ -11%  Quà 1.090.000₫,16 GB,512 GB,14.990.000,16.990.000,-11%,1.090.000,1
106,https://www.thegioididong.com/laptop/asus-vivobook-15-x1504va-nj023w,Trả góp 0%      Tặng Office              Asus Vivobook 15 X1504VA i7 1355U (NJ023W)           RAM 16 GB SSD 512 GB  18.990.000₫  22.990.000₫ -17%  Quà 1.090.000₫,16 GB,512 GB,18.990.000,22.990.000,-17%,1.090.000,0
107,https://www.thegioididong.com/laptop/acer-nitro-v-anv15-51-75gs-i7-nhqn8sv005,Mẫu mới Trả góp 0%     Tặng Office              Acer Gaming Nitro V ANV15 51 75GS i7 13620H (NH.QN8SV.005)                 Mẫu mới   RAM 16 GB SSD 512 GB  23.990.000₫  30.990.000₫ -22%  Quà 990.000₫,16 GB,512 GB,23.990.000,30.990.000,-22%,N/A,1
108,https://www.thegioididong.com/laptop/msi-modern-15-b7m-r5-231vn,Trả góp 0%     Tặng Office              MSI Modern 15 B7M R5 7530U (231VN)           RAM 16 GB SSD 512 GB  11.490.000₫  14.990.000₫ -23%  Quà 1.090.000₫,16 GB,512 GB,11.490.000,14.990.000,-23%,1.090.000,0
109,https://www.thegioididong.com/laptop/hp-15-fd0304tu-i3-a2nl5pa?utm_flashsale=1,Trả góp 0%     Tặng Office              HP 15 fd0304TU i3 1315U (A2NL5PA)           RAM 8 GB SSD 512 GB  Online giá rẻ quá 10.990.000₫  13.490.000₫ -18%  Quà 1.190.000₫,8 GB,512 GB,10.990.000,13.490.000,-18%,1.190.000,0
110,https://www.thegioididong.com/laptop/hp-15s-fq5147tu-i7-7c133pa?utm_flashsale=1,Trả góp 0%     Tặng Office              HP 15s fq5147TU i7 1255U (7C133PA)           RAM 8 GB SSD 512 GB  17.690.000₫  20.890.000₫ -15%  Quà 1.190.000₫,8 GB,512 GB,17.690.000,20.890.000,-15%,1.190.000,0
111,https://www.thegioididong.com/laptop/msi-gaming-gf63-thin-12ve-i5-460vn,Trả góp 0%     Tặng Office              MSI Gaming GF63 Thin 12VE i5 12450H (460VN)           RAM 8 GB SSD 512 GB  17.990.000₫  22.490.000₫ -20%  Quà 1.090.000₫,8 GB,512 GB,17.990.000,22.490.000,-20%,1.090.000,0
112,https://www.thegioididong.com/laptop/acer-nitro-v-anv15-51-55ca-i5-nhqn8sv004,Trả góp 0%     Tặng Office              Acer Gaming Nitro V ANV15 51 55CA i5 13420H (NH.QN8SV.004)           RAM 16 GB SSD 512 GB  24.990.000₫  27.990.000₫ -10%  Quà 1.890.000₫,16 GB,512 GB,24.990.000,27.990.000,-10%,1.890.000,0
113,https://www.thegioididong.com/laptop/lenovo-legion-5-16irx9-i7-83dg0051vn,Trả góp 0%     Tặng Office              Lenovo Gaming Legion 5 16IRX9 i7 14650HX (83DG0051VN)           RAM 16 GB SSD 1 TB  40.390.000₫  45.990.000₫ -12%  Quà 1.090.000₫,16 GB,N/A,40.390.000,45.990.000,-12%,1.090.000,0
114,https://www.thegioididong.com/laptop/lenovo-ideapad-slim-5-16imh9-ultra-7-83dc001svn,Trả góp 0%     Tặng Office              Lenovo Ideapad Slim 5 16IMH9 Ultra 7 155H (83DC001SVN)           RAM 32 GB SSD 512 GB  26.690.000₫  27.690.000₫  Quà 1.090.000₫,32 GB,512 GB,26.690.000,27.690.000,N/A,1.090.000,0
115,https://www.thegioididong.com/laptop/dell-vostro-15-3520-i5-i5u165w11gru,Trả góp 0%                  Dell Vostro 15 3520 i5 1235U (i5U165W11GRU)           RAM 16 GB SSD 512 GB  16.490.000₫  16.990.000₫  Quà 100.000₫,16 GB,512 GB,16.490.000,16.990.000,N/A,N/A,0
116,https://www.thegioididong.com/laptop/acer-predator-helios-neo-phn16-71-53m7-i5-nhqlusv005,Mẫu mới Trả góp 0%     Tặng Office              Acer Predator Helios Neo PHN16 71 53M7 i5 13500HX (NH.QLUSV.005)                 Mẫu mới   RAM 16 GB SSD 512 GB  Online giá rẻ quá 25.990.000₫  37.990.000₫ -31%  Quà 990.000₫,16 GB,512 GB,25.990.000,37.990.000,-31%,N/A,1
117,https://www.thegioididong.com/laptop/asus-zenbook-14-oled-ux3405ma-ultra-5-pp151w?utm_flashsale=1,Trả góp 0%     Tặng Office              Asus Zenbook 14 OLED UX3405MA Ultra 5 125H           RAM 16 GB SSD 512 GB  Online giá rẻ quá 26.190.000₫  28.990.000₫ -9%  Quà 1.090.000₫,16 GB,512 GB,26.190.000,28.990.000,-9%,1.090.000,0
118,https://www.thegioididong.com/laptop/dell-inspiron-15-3530-i5-71043885,Trả góp 0%                  Dell Inspiron 15 3530 i5 1334U (71043885)           RAM 16 GB SSD 512 GB  18.490.000₫  19.990.000₫ -7%  Quà 100.000₫,16 GB,512 GB,18.490.000,19.990.000,-7%,N/A,0
119,https://www.thegioididong.com/laptop/asus-zenbook-14-oled-i5-km657w?utm_flashsale=1,Trả góp 0%     Tặng Office              Asus Zenbook 14 OLED UX3402VA i5 13500H (KM657W)           RAM 16 GB SSD 512 GB  Online giá rẻ quá 22.990.000₫  26.990.000₫ -14%  Quà 1.090.000₫,16 GB,512 GB,22.990.000,26.990.000,-14%,1.090.000,0
120,https://www.thegioididong.com/laptop/msi-cyborg-15-a13vek-i7-1423vn,Trả góp 0%     Tặng Office              MSI Gaming Cyborg 15 A13VEK i7 13620H (1423VN)           RAM 16 GB SSD 512 GB  24.990.000₫  26.990.000₫ -7%  Quà 990.000₫,16 GB,512 GB,24.990.000,26.990.000,-7%,N/A,0
121,https://www.thegioididong.com/laptop/acer-swift-go-14-41-r251-r5-nxkg3sv005,Trả góp 0%     Tặng Office              Acer Swift Go 14 41 R251 R5 7430U (NX.KG3SV.005)           RAM 16 GB SSD 1 TB  16.990.000₫  19.490.000₫ -12%  Quà 1.090.000₫,16 GB,N/A,16.990.000,19.490.000,-12%,1.090.000,0
122,https://www.thegioididong.com/laptop/hp-envy-x360-14-fc0094tu-ultra-5-a19c4pa,Trả góp 0%     Tặng Office              HP Envy x360 14 fc0094TU Ultra 5 125U (A19C4PA)           RAM 16 GB SSD 512 GB  27.490.000₫  29.490.000₫ -6%  Quà 1.190.000₫,16 GB,512 GB,27.490.000,29.490.000,-6%,1.190.000,0
123,https://www.thegioididong.com/laptop/msi-gf63-12uc-i5-803vn,Trả góp 0%      Tặng Office              MSI Gaming Thin GF63 12UC i5 12450H (803VN)           RAM 8 GB SSD 512 GB  15.490.000₫  18.990.000₫ -18%  Quà 1.090.000₫,8 GB,512 GB,15.490.000,18.990.000,-18%,1.090.000,0
124,https://www.thegioididong.com/laptop/msi-thin-15-b13ucx-i5-2080vn?utm_flashsale=1,Mẫu mới Trả góp 0%     Tặng Office              MSI Gaming Thin 15 B13UCX i5 13420H (2080VN)                 Mẫu mới   RAM 16 GB SSD 512 GB  Online giá rẻ quá 16.790.000₫  19.990.000₫ -16%  Quà 990.000₫,16 GB,512 GB,16.790.000,19.990.000,-16%,N/A,1
125,https://www.thegioididong.com/laptop/lenovo-ideapad-1-15amn7-r5-82vg0061vn,Trả góp 0%     Tặng Office              Lenovo IdeaPad 1 15AMN7 R5 7520U (82VG0061VN)           RAM 8 GB SSD 256 GB  9.490.000₫  12.690.000₫ -25%  Quà 1.090.000₫,8 GB,256 GB,9.490.000,12.690.000,-25%,1.090.000,0
126,https://www.thegioididong.com/laptop/lenovo-thinkbook-16-g7-ultra-5-21ms007gvn,Trả góp 0%     Tặng Office              Lenovo ThinkBook 16 G7 Ultra 5 125U (21MS007GVN)           RAM 16 GB SSD 512 GB  22.990.000₫  23.190.000₫  Quà 1.090.000₫,16 GB,512 GB,22.990.000,23.190.000,N/A,1.090.000,0
127,https://www.thegioididong.com/laptop/dell-inspiron-15-3530-i5-n3530i5u165w11slu,Trả góp 0%                  Dell Inspiron 15 3530 i5 1334U (N3530-i5U165W11SLU)           RAM 16 GB SSD 512 GB  18.490.000₫  19.990.000₫ -7%  Quà 100.000₫,16 GB,512 GB,18.490.000,19.990.000,-7%,N/A,0
128,https://www.thegioididong.com/laptop/dell-inspiron-15-3530-i7-71026454,Trả góp 0%                  Dell Inspiron 15 3530 i7 1355U (71026454)           RAM 16 GB SSD 512 GB  21.490.000₫  22.390.000₫  Quà 100.000₫,16 GB,512 GB,21.490.000,22.390.000,N/A,N/A,0
129,https://www.thegioididong.com/laptop/asus-vivobook-s-14-oled-s5406ma-ultra-5-pp136w,Trả góp 0%     Tặng Office              Asus Vivobook S 14 OLED S5406MA Ultra 5 125H (PP136W)           RAM 16 GB SSD 1 TB  24.490.000₫  26.990.000₫ -9%  Quà 1.090.000₫,16 GB,N/A,24.490.000,26.990.000,-9%,1.090.000,0
130,https://www.thegioididong.com/laptop/asus-vivobook-15-oled-a1505va-i5-ma467w?utm_flashsale=1,Trả góp 0%     Tặng Office              Asus Vivobook 15 OLED A1505VA i5 13500H (MA467W)           RAM 16 GB SSD 512 GB  Online giá rẻ quá 17.990.000₫  20.990.000₫ -14%  Quà 1.090.000₫,16 GB,512 GB,17.990.000,20.990.000,-14%,1.090.000,0
131,https://www.thegioididong.com/laptop/dell-vostro-3420-i5-v4i5702w1,Trả góp 0%                  Dell Vostro 3420 i5 1235U (V4I5702W1)           RAM 8 GB SSD 512 GB  Online giá rẻ quá 15.390.000₫  16.190.000₫  Quà 100.000₫,8 GB,512 GB,15.390.000,16.190.000,N/A,N/A,0
132,https://www.thegioididong.com/laptop/hp-15-fd1063tu-ultra-5-9z2y1pa,Trả góp 0%     Tặng Office              HP 15 fd1063TU Ultra 5 125H (9Z2Y1PA)           RAM 16 GB SSD 512 GB  19.090.000₫  20.990.000₫ -9%  Quà 1.190.000₫,16 GB,512 GB,19.090.000,20.990.000,-9%,1.190.000,0
133,https://www.thegioididong.com/laptop/hp-240-g9-i5-9t2g2pt,Trả góp 0%     Tặng Office              HP 240 G9 i5 1235U (9T2G2PT)           RAM 16 GB SSD 512 GB  15.990.000₫  19.590.000₫ -18%  Quà 1.190.000₫,16 GB,512 GB,15.990.000,19.590.000,-18%,1.190.000,0
134,https://www.thegioididong.com/laptop/acer-nitro-5-tiger-an515-58-52sp-i5-nhqfhsv001,Trả góp 0%     Tặng Office              Acer Gaming Nitro 5 Tiger AN515 58 52SP i5 12500H (NH.QFHSV.001)           RAM 8 GB SSD 512 GB  19.990.000₫  27.990.000₫ -28%  Quà 1.890.000₫,8 GB,512 GB,19.990.000,27.990.000,-28%,1.890.000,0
135,https://www.thegioididong.com/laptop/acer-nitro-v-anv15-51-53ne-i5-nhqnasv002,Trả góp 0%     Tặng Office              Acer Gaming Nitro V ANV15 51 53NE i5 13420H (NH.QNASV.002)           RAM 16 GB SSD 512 GB  19.990.000₫  23.990.000₫ -16%  Quà 1.890.000₫,16 GB,512 GB,19.990.000,23.990.000,-16%,1.890.000,0
136,https://www.thegioididong.com/laptop/msi-gaming-gf63-thin-12ucx-i5-873vn,Trả góp 0%     Tặng Office              MSI Gaming GF63 Thin 12UCX i5 12450H (873VN)           RAM 16 GB SSD 512 GB  15.490.000₫  18.990.000₫ -18%  Quà 1.090.000₫,16 GB,512 GB,15.490.000,18.990.000,-18%,1.090.000,0
137,https://www.thegioididong.com/laptop/lenovo-ideapad-slim-5-16imh9-ultra-5-83dc001rvn,Tặng Office              Lenovo Ideapad Slim 5 16IMH9 Ultra 5 125H (83DC001RVN)           RAM 16 GB SSD 512 GB  22.690.000₫  23.690.000₫  Quà 1.090.000₫,16 GB,512 GB,22.690.000,23.690.000,N/A,1.090.000,0
138,https://www.thegioididong.com/laptop/apple-macbook-air-m2-2023,Trả góp 0%     Giá rẻ quá              MacBook Air 15 inch M2           RAM 8 GB SSD 256 GB    8GB - 256GB (Sạc 35W) 8GB - 256GB (Sạc 70W)   Online giá rẻ quá 27.590.000₫  32.290.000₫ -14%,8 GB,256 GB,27.590.000,32.290.000,-14%,N/A,0
139,N/A,N/A,N/A,N/A,N/A,N/A,N/A,N/A,0
140,N/A,N/A,N/A,N/A,N/A,N/A,N/A,N/A,0
141,https://www.thegioididong.com/laptop/msi-gaming-sword-16-hx-b14vfkg-i7-045vn,Trả góp 0%     Tặng Office              MSI Gaming Sword 16 HX B14VFKG i7 14700HX (045VN)           RAM 16 GB SSD 1 TB  36.990.000₫  39.990.000₫ -7%  Quà 990.000₫,16 GB,N/A,36.990.000,39.990.000,-7%,N/A,0
142,https://www.thegioididong.com/laptop/lenovo-legion-pro-5-16irx9-i9-83df0047vn,Trả góp 0%     Tặng Office              Lenovo Gaming Legion Pro 5 16IRX9 i9 14900HX (83DF0047VN)           RAM 32 GB SSD 1 TB  46.990.000₫  49.990.000₫ -6%  Quà 1.090.000₫,32 GB,N/A,46.990.000,49.990.000,-6%,1.090.000,0
143,https://www.thegioididong.com/laptop/acer-aspire-lite-al16-51p-596h-i5-nxkwzsv002,Trả góp 0%     Tặng Office              Acer Aspire Lite AL16 51P 596H i5 1235U (NX.KWZSV.002)           RAM 8 GB SSD 512 GB  12.990.000₫  13.990.000₫ -7%  Quà 1.090.000₫,8 GB,512 GB,12.990.000,13.990.000,-7%,1.090.000,0
144,https://www.thegioididong.com/laptop/asus-fa507nur-r7-lp057w,Trả góp 0%     Tặng Office              Asus TUF Gaming A15 FA507NUR R7 7435HS (LP057W)           RAM 16 GB SSD 512 GB  Online giá rẻ quá 25.990.000₫  28.490.000₫ -8%  Quà 1.090.000₫,16 GB,512 GB,25.990.000,28.490.000,-8%,1.090.000,0
145,https://www.thegioididong.com/laptop/hp-15s-fq5229tu-i3-8u237pa?utm_flashsale=1,Trả góp 0%      Tặng Office              HP 15s fq5229TU i3 1215U (8U237PA)           RAM 8 GB SSD 512 GB  Online giá rẻ quá 10.490.000₫  13.690.000₫ -23%  Quà 1.190.000₫,8 GB,512 GB,10.490.000,13.690.000,-23%,1.190.000,0
146,https://www.thegioididong.com/laptop/asus-vivobook-15-oled-a1505za-i5-l1337w,Trả góp 0%     Tặng Office              Asus Vivobook 15 OLED A1505ZA i5 12500H (L1337W)           RAM 16 GB SSD 512 GB  16.490.000₫  18.990.000₫ -13%  Quà 1.090.000₫,16 GB,512 GB,16.490.000,18.990.000,-13%,1.090.000,0
147,https://www.thegioididong.com/laptop/hp-15-fd1064tu-ultra-5-9z2y2pa?utm_flashsale=1,Trả góp 0%     Tặng Office              HP 15 fd1064TU Ultra 5 125H (9Z2Y2PA)           RAM 16 GB SSD 512 GB  Online giá rẻ quá 17.490.000₫  20.990.000₫ -16%  Quà 1.190.000₫,16 GB,512 GB,17.490.000,20.990.000,-16%,1.190.000,0
148,https://www.thegioididong.com/laptop/acer-swift-lite-14-ai-sfl14-51m-56hs-ultra-5-nxj1hsv002,Mẫu mới Trả góp 0%     Tặng Office              Acer Swift Lite 14 AI SFL14 51M 56HS Ultra 5 125U (NX.J1HSV.002)                 Mẫu mới   RAM 16 GB SSD 512 GB  18.990.000₫  19.990.000₫ -5%  Quà 990.000₫,16 GB,512 GB,18.990.000,19.990.000,-5%,N/A,1
149,https://www.thegioididong.com/laptop/msi-cyborg-14-a13ve-i7-090vn,Trả góp 0%     Tặng Office              MSI Gaming Cyborg 14 A13VE i7 13620H (090VN)           RAM 16 GB SSD 512 GB  25.990.000₫  27.990.000₫ -7%  Quà 990.000₫,16 GB,512 GB,25.990.000,27.990.000,-7%,N/A,0
150,https://www.thegioididong.com/laptop/lenovo-ideapad-slim-5-14imh9-ultra-5-83da001nvn,Trả góp 0%     Tặng Office              Lenovo IdeaPad Slim 5 14IMH9 Ultra 5 125H (83DA001NVN)           RAM 16 GB SSD 512 GB  21.690.000₫  22.690.000₫  Quà 1.090.000₫,16 GB,512 GB,21.690.000,22.690.000,N/A,1.090.000,0
151,https://www.thegioididong.com/laptop/lenovo-yoga-7-14imh9-ultra7-83cv001vvn,Trả góp 0%                  Lenovo Yoga Slim 7 14IMH9 Ultra 7 155H (83CV001VVN)           RAM 32 GB SSD 1 TB  30.990.000₫  31.990.000₫  Quà 100.000₫,32 GB,N/A,30.990.000,31.990.000,N/A,N/A,0
152,https://www.thegioididong.com/laptop/dell-inspiron-15-3520-i5-n3520i5u165w11blufp,Mẫu mới Trả góp 0%                  Dell Inspiron 15 3520 i5 1235U (N3520-i5U165W11BLU-FP)                 Mẫu mới   RAM 16 GB SSD 512 GB  16.490.000₫  16.990.000₫  Quà 100.000₫,16 GB,512 GB,16.490.000,16.990.000,N/A,N/A,1
153,https://www.thegioididong.com/laptop/dell-inspiron-14-5440-core-7-7fn5j,Trả góp 0%                  Dell Inspiron 14 5440 Core 7 150U (7FN5J)           RAM 16 GB SSD 1 TB  24.990.000₫  26.990.000₫ -7%  Quà 100.000₫,16 GB,N/A,24.990.000,26.990.000,-7%,N/A,0
154,https://www.thegioididong.com/laptop/dell-vostro-3520-i3-v5i3614w1,Trả góp 0%     Giá rẻ quá              Dell Vostro 15 3520 i3 1215U (V5I3614W1)           RAM 8 GB SSD 256 GB  10.490.000₫  12.990.000₫ -19%  Quà 100.000₫,8 GB,256 GB,10.490.000,12.990.000,-19%,N/A,0
155,https://www.thegioididong.com/laptop/dell-inspiron-15-3520-i3-i3u082w11blu,Trả góp 0%     Giá rẻ quá              Dell Inspiron 15 3520 i3 1215U (i3U082W11BLU)           RAM 8 GB SSD 256 GB  10.490.000₫  12.990.000₫ -19%  Quà 100.000₫,8 GB,256 GB,10.490.000,12.990.000,-19%,N/A,0
156,https://www.thegioididong.com/laptop/hp-pavilion-x360-14-ek1047tu-i7-80r25pa,Trả góp 0%     Tặng Office              HP Pavilion X360 14 ek1047TU i7 1355U (80R25PA)           RAM 16 GB SSD 512 GB  24.990.000₫  27.590.000₫ -9%  Quà 1.190.000₫,16 GB,512 GB,24.990.000,27.590.000,-9%,1.190.000,0
157,https://www.thegioididong.com/laptop/acer-aspire-5-a515-58m-79r7-i7-nxkq8sv007,Trả góp 0%     Tặng Office              Acer Aspire 5 A515 58M 79R7 i7 13620H (NX.KQ8SV.007)           RAM 16 GB SSD 512 GB  18.990.000₫  20.990.000₫ -9%  Quà 1.090.000₫,16 GB,512 GB,18.990.000,20.990.000,-9%,1.090.000,0
158,https://www.thegioididong.com/laptop/asus-vivobook-15-oled-a1505va-i9-ma586ws,Trả góp 0%                  Asus Vivobook 15 OLED A1505VA i9 13900H (MA586WS)           RAM 16 GB SSD 512 GB  23.490.000₫  25.990.000₫ -9%  Quà 100.000₫,16 GB,512 GB,23.490.000,25.990.000,-9%,N/A,0
159,https://www.thegioididong.com/laptop/acer-aspire-7-gaming-a715-76g-59mw-i5-nhqmysv001,Trả góp 0%     Tặng Office              Acer Gaming Aspire 7 A715 76G 59MW i5 12450H (NH.QMYSV.001)           RAM 8 GB SSD 512 GB  15.990.000₫  21.490.000₫ -25%  Quà 1.890.000₫,8 GB,512 GB,15.990.000,21.490.000,-25%,1.890.000,0
160,https://www.thegioididong.com/laptop/hp-pavilion-15-eg3094tu-i5-8c5l5pa?utm_flashsale=1,Trả góp 0%     Tặng Office              HP Pavilion 15 eg3094TU i5 1335U (8C5L5PA)           RAM 8 GB SSD 512 GB  17.990.000₫  19.990.000₫ -10%  Quà 1.190.000₫,8 GB,512 GB,17.990.000,19.990.000,-10%,1.190.000,0
161,https://www.thegioididong.com/laptop/hp-pavilion-15-eg2062tx-i5-7c0w7pa?utm_flashsale=1,Trả góp 0%     Tặng Office              HP Pavilion 15 eg2062TX i5 1235U (7C0W7PA)           RAM 8 GB SSD 512 GB  Online giá rẻ quá 15.790.000₫  20.590.000₫ -23%  Quà 1.190.000₫,8 GB,512 GB,15.790.000,20.590.000,-23%,1.190.000,0
162,https://www.thegioididong.com/laptop/asus-zenbook-14-oled-ux3405ma-ultra-9-pp475w,Trả góp 0%     Tặng Office              Asus Zenbook 14 OLED UX3405MA Ultra 9 185H (PP475W)           RAM 32 GB SSD 1 TB  Online giá rẻ quá 33.490.000₫  36.990.000₫ -9%  Quà 1.090.000₫,32 GB,N/A,33.490.000,36.990.000,-9%,1.090.000,0
163,https://www.thegioididong.com/laptop/msi-stealth-14-ai-studio-a1vfg-ultra-7-085vn,Trả góp 0%     Tặng Office              MSI Gaming Stealth 14 AI Studio A1VFG Ultra 7 155H (085VN)           RAM 32 GB SSD 1 TB  48.990.000₫  51.990.000₫ -5%  Quà 990.000₫,32 GB,N/A,48.990.000,51.990.000,-5%,N/A,0
164,https://www.thegioididong.com/laptop/lenovo-legion-pro-5-16irx9-i9-83df0046vn,Trả góp 0%     Tặng Office              Lenovo Gaming Legion Pro 5 16IRX9 i9 14900HX (83DF0046VN)           RAM 32 GB SSD 1 TB  51.990.000₫  56.990.000₫ -8%  Quà 1.090.000₫,32 GB,N/A,51.990.000,56.990.000,-8%,1.090.000,0
165,https://www.thegioididong.com/laptop/lenovo-ideapad-slim-5-14imh9-ultra-7-83da001yvn,Trả góp 0%     Tặng Office              Lenovo Ideapad Slim 5 14IMH9 Ultra 7 155H (83DA001YVN)           RAM 32 GB SSD 512 GB  26.490.000₫  27.690.000₫  Quà 1.090.000₫,32 GB,512 GB,26.490.000,27.690.000,N/A,1.090.000,0
166,https://www.thegioididong.com/laptop/lenovo-thinkbook-14-ultra-7-21mr0072vn,Trả góp 0%     Tặng Office              Lenovo ThinkBook 14 Ultra 7 155U (21MR0072VN)           RAM 16 GB SSD 512 GB  26.990.000₫  27.390.000₫  Quà 1.090.000₫,16 GB,512 GB,26.990.000,27.390.000,N/A,1.090.000,0
167,https://www.thegioididong.com/laptop/dell-inspiron-14-5440-core-7-n4i7204w1,Trả góp 0%                  Dell Inspiron 14 5440 Core 7 150U (N4I7204W1)           RAM 16 GB SSD 512 GB  23.990.000₫  25.990.000₫ -7%  Quà 100.000₫,16 GB,512 GB,23.990.000,25.990.000,-7%,N/A,0
168,https://www.thegioididong.com/laptop/dell-inspiron-15-3520-i5-71027003,Trả góp 0%                  Dell Inspiron 15 3520 i5 1235U (71027003)           RAM 8 GB SSD 512 GB  15.490.000₫ Quà 100.000₫,8 GB,512 GB,15.490.000,N/A,N/A,N/A,0
169,https://www.thegioididong.com/laptop/asus-vivobook-15-oled-a1505va-i9-l1386w,Trả góp 0%     Tặng Office              Asus Vivobook 15 OLED A1505VA i9 13900H (L1386W)           RAM 16 GB SSD 1 TB  21.990.000₫  24.990.000₫ -12%  Quà 1.090.000₫,16 GB,N/A,21.990.000,24.990.000,-12%,1.090.000,0
170,https://www.thegioididong.com/laptop/acer-nitro-5-an515-58-769j-i7-nhqfhsv003,Trả góp 0%     Tặng Office              Acer Gaming Nitro 5 Tiger AN515 58 769J i7 12700H (NH.QFHSV.003)           RAM 8 GB SSD 512 GB  21.490.000₫  31.790.000₫ -32%  Quà 1.890.000₫,8 GB,512 GB,21.490.000,31.790.000,-32%,1.890.000,0
171,https://www.thegioididong.com/laptop/asus-vivobook-s-16-oled-m5606wa-r9-mx072ws,Mẫu mới Trả góp 0%                  Asus Vivobook S 16 OLED M5606WA R9 AI HX 370 (MX072WS)                 Mẫu mới   RAM 32 GB SSD 1 TB  Online giá rẻ quá 30.990.000₫  33.990.000₫ -8%  Quà 100.000₫,32 GB,N/A,30.990.000,33.990.000,-8%,N/A,1
172,https://www.thegioididong.com/laptop/hp-245-g10-r5-8f155pa?utm_flashsale=1,Trả góp 0%      Tặng Office              HP 245 G10 R5 7520U (8F155PA)           RAM 8 GB SSD 512 GB  Online giá rẻ quá 11.490.000₫  14.190.000₫ -19%  Quà 1.190.000₫,8 GB,512 GB,11.490.000,14.190.000,-19%,1.190.000,0
173,https://www.thegioididong.com/laptop/acer-aspire-a514-54-5127-i5-nxa28sv007,Trả góp 0%     Tặng Office              Acer Aspire 5 A514 54 5127 i5 1135G7 (NX.A28SV.007)           RAM 8 GB SSD 512 GB  12.990.000₫  15.490.000₫ -16%  Quà 1.090.000₫,8 GB,512 GB,12.990.000,15.490.000,-16%,1.090.000,0
174,https://www.thegioididong.com/laptop/hp-probook-450-g10-i5-9h1n5pt,Trả góp 0%     Tặng Office              HP Probook 450 G10 i5 1335U (9H1N5PT)           RAM 16 GB SSD 512 GB  20.290.000₫  22.590.000₫ -10%  Quà 1.190.000₫,16 GB,512 GB,20.290.000,22.590.000,-10%,1.190.000,0
175,https://www.thegioididong.com/laptop/acer-swift-go-14-ai-73-53x7-ultra-5-nxkslsv001,Trả góp 0%     Tặng Office              Acer Swift Go 14 AI SFG14 73 53X7 Ultra 5 125H (NX.KSLSV.001)           RAM 16 GB SSD 512 GB  23.290.000₫  23.990.000₫  Quà 1.090.000₫,16 GB,512 GB,23.290.000,23.990.000,N/A,1.090.000,0
176,https://www.thegioididong.com/laptop/msi-prestige-13-ai-evo-a1mg-ultra-7-062vn,Trả góp 0%     Tặng Office              MSI Prestige 13 AI Evo A1MG Ultra 7 155H (062VN)           RAM 32 GB SSD 1 TB  30.990.000₫  33.990.000₫ -8%  Quà 990.000₫,32 GB,N/A,30.990.000,33.990.000,-8%,N/A,0
177,https://www.thegioididong.com/laptop/lenovo-legion-slim-5-16ahp9-r7-83dh003bvn,Mẫu mới     Tặng Office              Lenovo Gaming Legion Slim 5 16AHP9 R7 8845HS (83DH003BVN)                 Mẫu mới   RAM 32 GB SSD 1 TB  43.990.000₫  44.990.000₫  Quà 990.000₫,32 GB,N/A,43.990.000,44.990.000,N/A,N/A,1
178,https://www.thegioididong.com/laptop/dell-inspiron-16-5640-core-7-n5640c7u161w11ibu,Trả góp 0%                  Dell Inspiron 16 5640 Core 7 150U (N5640-C7U161W11IBU)           RAM 16 GB SSD 1 TB  25.990.000₫  27.490.000₫ -5%  Quà 100.000₫,16 GB,N/A,25.990.000,27.490.000,-5%,N/A,0
179,https://www.thegioididong.com/laptop/acer-swift-go-sfg14-71-513f-i5-nxkpzsv003,Mẫu mới Trả góp 0%     Giá rẻ quá              Acer Swift Go SFG14 71 513F i5 13500H (NX.KPZSV.003)                 Mẫu mới   RAM 16 GB SSD 512 GB  17.990.000₫  24.590.000₫ -26%,16 GB,512 GB,17.990.000,24.590.000,-26%,N/A,1
180,https://www.thegioididong.com/laptop/dell-inspiron-16-5640-core-7-khpf5,Trả góp 0%                  Dell Inspiron 16 5640 Core 7 150U (KHPF5)           RAM 16 GB SSD 1 TB  27.990.000₫  29.490.000₫ -5%  Quà 100.000₫,16 GB,N/A,27.990.000,29.490.000,-5%,N/A,0
181,https://www.thegioididong.com/laptop/hp-elitebook-630-g10-i5-19j0b4pt,Trả góp 0%     Tặng Office              HP Elitebook 630 G10 i5 1335U (9J0B4PT)           RAM 16 GB SSD 512 GB  21.490.000₫  23.590.000₫ -8%  Quà 1.190.000₫,16 GB,512 GB,21.490.000,23.590.000,-8%,1.190.000,0
182,https://www.thegioididong.com/laptop/hp-pavilion-x360-14-ek2027tu-core-7-9z2v9pa,Trả góp 0%     Tặng Office              HP Pavilion X360 14 ek2027TU Core 7 150U (9Z2V9PA)           RAM 16 GB SSD 512 GB  26.790.000₫  28.290.000₫ -5%  Quà 1.190.000₫,16 GB,512 GB,26.790.000,28.290.000,-5%,1.190.000,0
183,https://www.thegioididong.com/laptop/asus-vivobook-14x-oled-k3405vc-i5-km006w,Trả góp 0%      Tặng Office              Asus Vivobook 14X OLED K3405VC i5 13500H (KM006W)           RAM 16 GB SSD 512 GB  Online giá rẻ quá 23.690.000₫  28.490.000₫ -16%  Quà 1.090.000₫,16 GB,512 GB,23.690.000,28.490.000,-16%,1.090.000,0
184,https://www.thegioididong.com/laptop/asus-fx507vu-i7-lp186w,Trả góp 0%     Tặng Office              Asus TUF Gaming F15 FX507VU i7 13620H (LP186W)           RAM 16 GB SSD 512 GB  28.990.000₫  29.990.000₫  Quà 1.090.000₫,16 GB,512 GB,28.990.000,29.990.000,N/A,1.090.000,0
185,https://www.thegioididong.com/laptop/acer-aspire-5-a514-56p-54tn-i5-nxkhrsv004,Trả góp 0%     Tặng Office              Acer Aspire 5 A514 56P 54TN i5 1335U (NX.KHRSV.004)           RAM 8 GB SSD 512 GB  13.990.000₫  15.990.000₫ -12%  Quà 1.090.000₫,8 GB,512 GB,13.990.000,15.990.000,-12%,1.090.000,0
186,https://www.thegioididong.com/laptop/hp-elitebook-630-g10-i7-9h1n9pt,Trả góp 0%     Tặng Office              HP Elitebook 630 G10 i7 1355U (9H1N9PT)           RAM 16 GB SSD 512 GB  24.490.000₫  27.790.000₫ -11%  Quà 1.190.000₫,16 GB,512 GB,24.490.000,27.790.000,-11%,1.190.000,0
187,https://www.thegioididong.com/laptop/asus-fx507vv-i7-lp151w,Trả góp 0%     Tặng Office              Asus TUF Gaming F15 FX507VV i7 13620H (LP151W)           RAM 16 GB SSD 512 GB  30.990.000₫  31.990.000₫  Quà 1.090.000₫,16 GB,512 GB,30.990.000,31.990.000,N/A,1.090.000,0
188,https://www.thegioididong.com/laptop/msi-gaming-katana-a15-ai-b8vf-r7-419vn,Trả góp 0%     Tặng Office              MSI Gaming Katana A15 AI B8VF R7 8845HS (419VN)           RAM 16 GB SSD 512 GB  28.990.000₫  30.990.000₫ -6%  Quà 990.000₫,16 GB,512 GB,28.990.000,30.990.000,-6%,N/A,0
189,https://www.thegioididong.com/laptop/msi-gaming-thin-a15-b7ucx-r5-020vn,Trả góp 0%     Tặng Office              MSI Gaming Thin A15 B7UCX R5 7535HS (020VN)           RAM 8 GB SSD 512 GB  15.490.000₫  18.990.000₫ -18%  Quà 990.000₫,8 GB,512 GB,15.490.000,18.990.000,-18%,N/A,0
190,https://www.thegioididong.com/laptop/lenovo-v15-g5-irl-core-5-83hf0000vn?utm_flashsale=1,Mẫu mới Trả góp 0%     Tặng Office              Lenovo V15 G5 IRL Core 5 120U (83HF0000VN)                 Mẫu mới   RAM 16 GB SSD 512 GB  Online giá rẻ quá 18.490.000₫  19.890.000₫ -7%  Quà 1.090.000₫,16 GB,512 GB,18.490.000,19.890.000,-7%,1.090.000,1
191,https://www.thegioididong.com/laptop/acer-swift-go-sfg14-71-74cp-i7-nxkpzsv004,Mẫu mới Trả góp 0%     Giá rẻ quá              Acer Swift Go SFG14 71 74CP i7 13700H (NX.KPZSV.004)                 Mẫu mới   RAM 16 GB SSD 512 GB  19.990.000₫  28.690.000₫ -30%,16 GB,512 GB,19.990.000,28.690.000,-30%,N/A,1
192,https://www.thegioididong.com/laptop/dell-vostro-15-3520-i5-v5i5610w1,Trả góp 0%                  Dell Vostro 15 3520 i5 1235U (V5I5610W1)           RAM 8 GB SSD 512 GB  15.490.000₫ Quà 100.000₫,8 GB,512 GB,15.490.000,N/A,N/A,N/A,0
193,https://www.thegioididong.com/laptop/hp-gaming-victus-16-r0130tx-i5-8c5n5pa,Trả góp 0%     Tặng Office              HP Gaming VICTUS 16 r0130TX i5 13500H (8C5N5PA)           RAM 16 GB SSD 512 GB  24.390.000₫  29.690.000₫ -17%  Quà 1.190.000₫,16 GB,512 GB,24.390.000,29.690.000,-17%,1.190.000,0
194,https://www.thegioididong.com/laptop/asus-tuf-gaming-a15-fa507nv-r7-lp031w,Trả góp 0%     Tặng Office              Asus TUF Gaming A15 FA507NV R7 7735HS (LP031W)           RAM 16 GB SSD 512 GB  Online giá rẻ quá 27.490.000₫  30.990.000₫ -11%  Quà 1.090.000₫,16 GB,512 GB,27.490.000,30.990.000,-11%,1.090.000,0
195,https://www.thegioididong.com/laptop/asus-tuf-gaming-f15-fx506hf-i5-hn014w,Trả góp 0%     Tặng Office              Asus TUF Gaming F15 FX506HF i5 11400H (HN014W)           RAM 8 GB SSD 512 GB  15.990.000₫  18.990.000₫ -15%  Quà 1.090.000₫,8 GB,512 GB,15.990.000,18.990.000,-15%,1.090.000,0
196,https://www.thegioididong.com/laptop/asus-tuf-gaming-a15-fa507nu-r5-lp105w,Trả góp 0%     Tặng Office              Asus TUF Gaming A15 FA507NU R5 7535HS (LP105W)           RAM 16 GB SSD 512 GB  23.490.000₫  26.490.000₫ -11%  Quà 1.090.000₫,16 GB,512 GB,23.490.000,26.490.000,-11%,1.090.000,0
197,https://www.thegioididong.com/laptop/hp-pavilion-15-eg2086tu-i3-7c0q8pa?utm_flashsale=1,Trả góp 0%     Tặng Office              HP Pavilion 15 eg2086TU i3 1215U (7C0Q8PA)           RAM 8 GB SSD 256 GB  Online giá rẻ quá 11.790.000₫  15.290.000₫ -22%  Quà 1.190.000₫,8 GB,256 GB,11.790.000,15.290.000,-22%,1.190.000,0
198,https://www.thegioididong.com/laptop/acer-nitro-v-anv15-51-58an-i5-nhqnasv001,Trả góp 0%     Tặng Office              Acer Gaming Nitro V ANV15 51 58AN i5 13420H (NH.QNASV.001)           RAM 8 GB SSD 512 GB  19.490.000₫  21.490.000₫ -9%  Quà 1.890.000₫,8 GB,512 GB,19.490.000,21.490.000,-9%,1.890.000,0
199,https://www.thegioididong.com/laptop/acer-nitro-5-tiger-an515-58-773y-i7-nhqfksv001,Trả góp 0%     Tặng Office              Acer Gaming Nitro 5 Tiger AN515 58 773Y i7 12700H (NH.QFKSV.001)           RAM 8 GB SSD 512 GB  22.490.000₫  31.990.000₫ -29%  Quà 1.890.000₫,8 GB,512 GB,22.490.000,31.990.000,-29%,1.890.000,0
200,https://www.thegioididong.com/laptop/acer-nitro-v-anv15-51-57b2-i5-nhqn8sv001,Trả góp 0%     Tặng Office              Acer Gaming Nitro V ANV15 51 57B2 i5 13420H (NH.QN8SV.001)           RAM 8 GB SSD 512 GB  23.990.000₫  26.990.000₫ -11%  Quà 1.890.000₫,8 GB,512 GB,23.990.000,26.990.000,-11%,1.890.000,0
201,https://www.thegioididong.com/laptop/acer-swift-go-14-ai-73-71zx-ultra-7-nxkslsv002,Trả góp 0%     Tặng Office              Acer Swift Go 14 AI SFG14 73 71ZX Ultra 7 155H (NX.KSLSV.002)           RAM 16 GB SSD 512 GB  26.290.000₫  26.990.000₫  Quà 1.090.000₫,16 GB,512 GB,26.290.000,26.990.000,N/A,1.090.000,0
202,https://www.thegioididong.com/laptop/msi-katana-a15-ai-b8vg-r7-465vn,Trả góp 0%     Tặng Office              MSI Gaming Katana A15 AI B8VG R7 8845HS (465VN)           RAM 16 GB SSD 1 TB  36.990.000₫  39.990.000₫ -7%  Quà 990.000₫,16 GB,N/A,36.990.000,39.990.000,-7%,N/A,0
203,https://www.thegioididong.com/laptop/lenovo-v14-core-5-83hd0001vn,Mẫu mới Trả góp 0%     Tặng Office              Lenovo V14 Core 5 120U (83HD0001VN)                 Mẫu mới   RAM 16 GB SSD 512 GB  18.990.000₫  19.490.000₫  Quà 1.090.000₫,16 GB,512 GB,18.990.000,19.490.000,N/A,1.090.000,1
204,https://www.thegioididong.com/laptop/dell-inspiron-15-3520-i5-n3520-i5u085w11slu,Mẫu mới Trả góp 0%                  Dell Inspiron 15 3520 i5 1235U (N3520-i5U085W11SLU)                 Mẫu mới   RAM 8 GB SSD 512 GB  15.690.000₫ Quà 100.000₫,8 GB,512 GB,15.690.000,N/A,N/A,N/A,1
205,https://www.thegioididong.com/laptop/dell-latitude-3540-i5-71038100,Trả góp 0%     Tặng Office              Dell Latitude 3540 i5 1235U (71038100)           RAM 16 GB SSD 512 GB  16.990.000₫  18.990.000₫ -10%  Quà 1.090.000₫,16 GB,512 GB,16.990.000,18.990.000,-10%,1.090.000,0
206,https://www.thegioididong.com/laptop/lenovo-loq-15irx9-i7-83dv00d5vn,Trả góp 0%     Tặng Office              Lenovo Gaming LOQ 15IRX9 i7 13650HX (83DV00D5VN)           RAM 16 GB SSD 512 GB  Chỉ bán online 29.690.000₫  32.990.000₫ -10%  Quà 1.090.000₫,16 GB,512 GB,29.690.000,32.990.000,-10%,1.090.000,0
207,https://www.thegioididong.com/laptop/asus-tuf-gaming-f15-fx507vu-i7-lp167w,Trả góp 0%     Tặng Office              Asus TUF Gaming F15 FX507VU i7 13620H (LP167W)           RAM 16 GB SSD 512 GB  25.990.000₫  29.990.000₫ -13%  Quà 1.090.000₫,16 GB,512 GB,25.990.000,29.990.000,-13%,1.090.000,0
208,https://www.thegioididong.com/laptop/hp-victus-16-s0173ax-r5-a9lg9pa,Trả góp 0%     Tặng Office              HP Gaming VICTUS 16 s0173AX R5 7640HS (A9LG9PA)           RAM 16 GB SSD 512 GB  23.990.000₫  27.390.000₫ -12%  Quà 1.190.000₫,16 GB,512 GB,23.990.000,27.390.000,-12%,1.190.000,0
209,https://www.thegioididong.com/laptop/hp-victus-16-s0078ax-r5-8c5n7pa,Trả góp 0%     Tặng Office              HP Gaming VICTUS 16 s0078AX R5 7640HS (8C5N7PA)           RAM 16 GB SSD 512 GB  23.990.000₫  27.390.000₫ -12%  Quà 1.190.000₫,16 GB,512 GB,23.990.000,27.390.000,-12%,1.190.000,0
210,https://www.thegioididong.com/laptop/hp-pavilion-15-eg3098tu-i3-8c5l9pa?utm_flashsale=1,Trả góp 0%     Tặng Office              HP Pavilion 15 eg3098TU i3 1315U (8C5L9PA)           RAM 8 GB SSD 256 GB  Online giá rẻ quá 11.990.000₫  15.290.000₫ -21%  Quà 1.190.000₫,8 GB,256 GB,11.990.000,15.290.000,-21%,1.190.000,0
211,https://www.thegioididong.com/laptop/msi-gaming-cyborg-15-ai-a1vek-ultra-7-053vn,Trả góp 0%     Tặng Office              MSI Gaming Cyborg 15 AI A1VEK Ultra 7 155H (053VN)           RAM 16 GB SSD 512 GB  Chỉ bán online 28.490.000₫  30.990.000₫ -8%  Quà 1.090.000₫,16 GB,512 GB,28.490.000,30.990.000,-8%,1.090.000,0
212,https://www.thegioididong.com/laptop/asus-gaming-vivobook-k3605zu-i5-rp296w,Trả góp 0%     Tặng Office              Asus Gaming Vivobook K3605ZU i5 12500H (RP296W)           RAM 16 GB SSD 512 GB  23.990.000₫  28.490.000₫ -15%  Quà 1.090.000₫,16 GB,512 GB,23.990.000,28.490.000,-15%,1.090.000,0
213,https://www.thegioididong.com/laptop/dell-inspiron-15-3530-i7-n3530i716w1,Trả góp 0%                  Dell Inspiron 15 3530 i7 1355U (N3530I716W1)           RAM 16 GB SSD 512 GB  23.990.000₫  25.290.000₫ -5%  Quà 100.000₫,16 GB,512 GB,23.990.000,25.290.000,-5%,N/A,0
214,https://www.thegioididong.com/laptop/dell-inspiron-14-7430-2-in-1-i7-i7u165w11slu,Trả góp 0%                  Dell Inspiron 14 7430 2-in-1 i7 1355U (i7U165W11SLU)           RAM 16 GB SSD 512 GB  27.990.000₫  29.490.000₫ -5%  Quà 100.000₫,16 GB,512 GB,27.990.000,29.490.000,-5%,N/A,0
215,https://www.thegioididong.com/laptop/dell-inspiron-15-3530-i5-n5i5791w1,Trả góp 0%                  Dell Inspiron 15 3530 i5 1335U (N5I5791W1)           RAM 16 GB SSD 512 GB  Online giá rẻ quá 18.790.000₫  19.990.000₫ -6%  Quà 100.000₫,16 GB,512 GB,18.790.000,19.990.000,-6%,N/A,0
216,https://www.thegioididong.com/laptop/asus-zenbook-14-oled-ux3405ma-ultra-7-pp152w,Trả góp 0%     Tặng Office              Asus Zenbook 14 OLED UX3405MA Ultra 7 155H (PP152W)           RAM 32 GB SSD 1 TB  Online giá rẻ quá 31.490.000₫  34.990.000₫ -10%  Quà 1.090.000₫,32 GB,N/A,31.490.000,34.990.000,-10%,1.090.000,0
217,https://www.thegioididong.com/laptop/asus-tuf-gaming-f15-fx507zc4-i5-hn074w,Trả góp 0%     Tặng Office              Asus TUF Gaming F15 FX507ZC4 i5 12500H (HN074W)           RAM 8 GB SSD 512 GB  18.990.000₫  23.990.000₫ -20%  Quà 1.090.000₫,8 GB,512 GB,18.990.000,23.990.000,-20%,1.090.000,0
218,https://www.thegioididong.com/laptop/hp-probook-450-g10-i7-873d3pa?utm_flashsale=1,Trả góp 0%     Tặng Office              HP Probook 450 G10 i7 1355U (873D3PA)           RAM 16 GB SSD 512 GB  24.990.000₫  26.990.000₫ -7%  Quà 1.190.000₫,16 GB,512 GB,24.990.000,26.990.000,-7%,1.190.000,0
219,https://www.thegioididong.com/laptop/hp-elitebook-630-g10-i7-873f2pa?utm_flashsale=1,Trả góp 0%     Tặng Office              HP Elitebook 630 G10 i7 1355U (873F2PA)           RAM 16 GB SSD 512 GB  Online giá rẻ quá 23.990.000₫  27.790.000₫ -13%  Quà 1.190.000₫,16 GB,512 GB,23.990.000,27.790.000,-13%,1.190.000,0
220,https://www.thegioididong.com/laptop/msi-gaming-katana-15-b13vgk-i7-1211vn,Trả góp 0%     Tặng Office              MSI Gaming Katana 15 B13VGK i7 13620H (1211VN)           RAM 16 GB SSD 1 TB  Chỉ bán online 38.990.000₫  41.990.000₫ -7%  Quà 990.000₫,16 GB,N/A,38.990.000,41.990.000,-7%,N/A,0
221,https://www.thegioididong.com/laptop/lenovo-thinkpad-t14s-i7-21f6007xvn,Tặng Office              Lenovo ThinkPad T14s i7 1355U (21F6007XVN)           RAM 32 GB SSD 512 GB  Chỉ bán online 44.990.000₫  45.690.000₫  Quà 1.090.000₫,32 GB,512 GB,44.990.000,45.690.000,N/A,1.090.000,0
222,https://www.thegioididong.com/laptop/hp-victus-16-r0283tx-i5-ad9t3pa,Mẫu mới Trả góp 0%     Tặng Office              HP VICTUS 16 r0283TX i5 13500H (AD9T3PA)                 Mẫu mới   RAM 16 GB SSD 512 GB  24.390.000₫  29.690.000₫ -17%  Quà 1.190.000₫,16 GB,512 GB,24.390.000,29.690.000,-17%,1.190.000,1
223,https://www.thegioididong.com/laptop/hp-envy-x360-14-fa0050au-r5-a29h8pa,Trả góp 0%     Tặng Office              HP Envy X360 14 fa0050AU R5 8640HS (A29H8PA)           RAM 16 GB SSD 512 GB  26.990.000₫  28.990.000₫ -6%  Quà 1.190.000₫,16 GB,512 GB,26.990.000,28.990.000,-6%,1.190.000,0
224,https://www.thegioididong.com/laptop/dell-inspiron-15-3520-i5-n5i5011w1,Trả góp 0%                  Dell Inspiron 15 3520 i5 1235U (N5I5011W1)           RAM 16 GB SSD 512 GB  16.490.000₫  16.990.000₫  Quà 100.000₫,16 GB,512 GB,16.490.000,16.990.000,N/A,N/A,0
225,https://www.thegioididong.com/laptop/asus-zenbook-14-oled-ux3402va-i7-km068w?utm_flashsale=1,Trả góp 0%     Tặng Office              Asus Zenbook 14 OLED UX3402VA i7 1360P (KM068W)           RAM 16 GB SSD 512 GB  Online giá rẻ quá 27.390.000₫  31.990.000₫ -14%  Quà 1.090.000₫,16 GB,512 GB,27.390.000,31.990.000,-14%,1.090.000,0
226,https://www.thegioididong.com/laptop/hp-probook-450-g10-i7-9h8h1pt,Trả góp 0%     Tặng Office              HP Probook 450 G10 i7 1355U (9H8H1PT)           RAM 16 GB SSD 512 GB  24.990.000₫  26.990.000₫ -7%  Quà 1.190.000₫,16 GB,512 GB,24.990.000,26.990.000,-7%,1.190.000,0
227,https://www.thegioididong.com/laptop/msi-gaming-katana-a15-ai-b8ve-r7-402vn,Trả góp 0%     Tặng Office              MSI Gaming Katana A15 AI B8VE R7 8845HS (402VN)           RAM 16 GB SSD 512 GB  Chỉ bán online 26.990.000₫  28.990.000₫ -6%  Quà 990.000₫,16 GB,512 GB,26.990.000,28.990.000,-6%,N/A,0
228,https://www.thegioididong.com/laptop/hp-victus-16-s0139ax-r7-9q986pa,Trả góp 0%     Tặng Office              HP Gaming VICTUS 16 s0139AX R7 7840HS (9Q986PA)           RAM 32 GB SSD 512 GB  33.390.000₫  37.390.000₫ -10%  Quà 1.190.000₫,32 GB,512 GB,33.390.000,37.390.000,-10%,1.190.000,0
229,https://www.thegioididong.com/laptop/msi-stealth-16-mercedes-amg-a1vgg-ultra-9-293vn,Trả góp 0%     Tặng Office              MSI Gaming Stealth 16 Mercedes AMG A1VGG Ultra 9 185H (293VN)           RAM 32 GB SSD 2 TB  66.490.000₫  70.990.000₫ -6%  Quà 990.000₫,32 GB,N/A,66.490.000,70.990.000,-6%,N/A,0
230,https://www.thegioididong.com/laptop/hp-envy-x360-14-fa0048au-r7-a19bqpa,Trả góp 0%     Tặng Office              HP Envy X360 14 fa0048AU R7 8840HS (A19BQPA)           RAM 16 GB SSD 512 GB  29.190.000₫  31.690.000₫ -7%  Quà 1.190.000₫,16 GB,512 GB,29.190.000,31.690.000,-7%,1.190.000,0
231,https://www.thegioididong.com/laptop/lenovo-thinkpad-x13-ultra-5-21lu004nvn,Tặng Office              Lenovo Thinkpad X13 Ultra 5 125U (21LU004NVN)           RAM 16 GB SSD 512 GB  Chỉ bán online 33.990.000₫  34.990.000₫  Quà 1.090.000₫,16 GB,512 GB,33.990.000,34.990.000,N/A,1.090.000,0
232,https://www.thegioididong.com/laptop/asus-vivobook-s-14-oled-m5406wa-r9-pp071ws,Mẫu mới Trả góp 0%                  Asus Vivobook S 14 OLED M5406WA R9 AI HX 370 (PP071WS)                 Mẫu mới   RAM 32 GB SSD 1 TB  31.990.000₫  33.990.000₫ -5%  Quà 100.000₫,32 GB,N/A,31.990.000,33.990.000,-5%,N/A,1
233,https://www.thegioididong.com/laptop/asus-fa507nvr-r7-lp007w,Trả góp 0%     Tặng Office              Asus TUF Gaming A15 FA507NVR R7 7435HS (LP007W)           RAM 16 GB SSD 512 GB  Online giá rẻ quá 27.990.000₫  30.990.000₫ -9%  Quà 1.090.000₫,16 GB,512 GB,27.990.000,30.990.000,-9%,1.090.000,0
234,https://www.thegioididong.com/laptop/dell-inspiron-3530-i5-1335u-i5u085w11blu,Trả góp 0%                  Dell Inspiron 15 3530 i5 1335U (N3530-i5U085W11BLU)           RAM 8 GB SSD 512 GB  17.490.000₫  18.490.000₫ -5%  Quà 100.000₫,8 GB,512 GB,17.490.000,18.490.000,-5%,N/A,0
235,https://www.thegioididong.com/laptop/hp-gaming-victus-16-s0077ax-r7-8c5n6pa,Trả góp 0%     Tặng Office              HP Gaming VICTUS 16 s0077AX R7 7840HS (8C5N6PA)           RAM 16 GB SSD 512 GB  27.090.000₫  31.690.000₫ -14%  Quà 1.190.000₫,16 GB,512 GB,27.090.000,31.690.000,-14%,1.190.000,0
236,https://www.thegioididong.com/laptop/asus-tuf-gaming-fx517ze-i5-hn045w,Trả góp 0%     Tặng Office              Asus TUF Gaming Dash F15 FX517ZE i5 12450H (HN045W)           RAM 8 GB SSD 512 GB  19.990.000₫  24.990.000₫ -20%  Quà 1.090.000₫,8 GB,512 GB,19.990.000,24.990.000,-20%,1.090.000,0
237,https://www.thegioididong.com/laptop/dell-latitude-3440-i7-71038103,Trả góp 0%     Tặng Office              Dell Latitude 3440 i7 1355U (71038103)           RAM 16 GB SSD 512 GB  24.490.000₫  26.990.000₫ -9%  Quà 1.090.000₫,16 GB,512 GB,24.490.000,26.990.000,-9%,1.090.000,0
238,https://www.thegioididong.com/laptop/msi-stealth-18-mercedes-amg-a1vhg-ultra-9-080vn,Trả góp 0%     Tặng Office              MSI Gaming Stealth 18 Mercedes AMG A1VHG Ultra 9 185H (080VN)           RAM 64 GB SSD 2 TB  Chỉ bán online 97.990.000₫  102.990.000₫  Quà 990.000₫,64 GB,N/A,97.990.000,102.990.000,N/A,N/A,0
239,https://www.thegioididong.com/laptop/macbook-pro-14-inch-m3-2023,Trả góp 0%                  MacBook Pro 14 inch M3           RAM 8 GB SSD 512 GB    8GB - 512GB 16GB - 512GB   Online giá rẻ quá 37.890.000₫  39.990.000₫ -5%,8 GB,512 GB,37.890.000,39.990.000,-5%,N/A,0
240,N/A,N/A,N/A,N/A,N/A,N/A,N/A,N/A,0
241,N/A,N/A,N/A,N/A,N/A,N/A,N/A,N/A,0
242,https://www.thegioididong.com/laptop/hp-pavilion-15-eg3095tu-i5-8c5l6pa?utm_flashsale=1,Trả góp 0%     Tặng Office              HP Pavilion 15 eg3095TU i5 1335U (8C5L6PA)           RAM 8 GB SSD 512 GB  17.990.000₫  19.990.000₫ -10%  Quà 1.190.000₫,8 GB,512 GB,17.990.000,19.990.000,-10%,1.190.000,0
243,https://www.thegioididong.com/laptop/hp-probook-450-g10-i5-873d1pa?utm_flashsale=1,Trả góp 0%     Tặng Office              HP Probook 450 G10 i5 1335U (873D1PA)           RAM 16 GB SSD 512 GB  20.290.000₫  22.590.000₫ -10%  Quà 1.190.000₫,16 GB,512 GB,20.290.000,22.590.000,-10%,1.190.000,0
244,https://www.thegioididong.com/laptop/hp-victus-16-r0127tx-i7-8c5n2pa,Trả góp 0%     Tặng Office              HP VICTUS 16 r0127TX i7 13700H (8C5N2PA)           RAM 16 GB SSD 512 GB  33.590.000₫  38.390.000₫ -12%  Quà 1.190.000₫,16 GB,512 GB,33.590.000,38.390.000,-12%,1.190.000,0
245,https://www.thegioididong.com/laptop/dell-xps-13-9340-ultra-7-hxrgt,Trả góp 0%                  Dell XPS 13 9340 Ultra 7 155H (HXRGT)           RAM 16 GB SSD 1 TB  55.990.000₫  59.990.000₫ -6%  Quà 100.000₫,16 GB,N/A,55.990.000,59.990.000,-6%,N/A,0
246,https://www.thegioididong.com/laptop/msi-prestige-14-ai-studio-c1veg-ultra-7-056vn,Mẫu mới Trả góp 0%     Tặng Office              MSI Prestige 14 AI Studio C1VEG Ultra 7 155H (056VN)                 Mẫu mới   RAM 32 GB SSD 1 TB  32.990.000₫  36.990.000₫ -10%  Quà 990.000₫,32 GB,N/A,32.990.000,36.990.000,-10%,N/A,1
247,https://www.thegioididong.com/laptop/asus-fa507uv-r7-lp142w,Trả góp 0%     Tặng Office              ASUS TUF Gaming A15 FA507UV R7 8845HS (LP142W)           RAM 16 GB SSD 512 GB  Online giá rẻ quá 29.490.000₫  32.990.000₫ -10%  Quà 1.090.000₫,16 GB,512 GB,29.490.000,32.990.000,-10%,1.090.000,0
248,https://www.thegioididong.com/laptop/dell-inspiron-7440-core-5-n4i5006w1,Mẫu mới Trả góp 0%                  Dell Inspiron 7440 Core 5 120U (N4I5006W1)                 Mẫu mới   RAM 16 GB SSD 1 TB  29.990.000₫  30.990.000₫  Quà 100.000₫,16 GB,N/A,29.990.000,30.990.000,N/A,N/A,1
249,https://www.thegioididong.com/laptop/dell-inspiron-16-5640-core-7-n6i7512w1,Trả góp 0%                  Dell Inspiron 16 5640 Core 7 150U (N6I7512W1)           RAM 16 GB SSD 1 TB  Chỉ bán online 31.490.000₫  33.690.000₫ -6%  Quà 100.000₫,16 GB,N/A,31.490.000,33.690.000,-6%,N/A,0
250,https://www.thegioididong.com/laptop/hp-envy-x360-14-fc0083tu-ultra-7-a19bspa,Trả góp 0%     Tặng Office              HP Envy X360 14 fc0083TU Ultra 7 155U (A19BSPA)           RAM 32 GB SSD 1 TB  34.090.000₫  36.590.000₫ -6%  Quà 1.190.000₫,32 GB,N/A,34.090.000,36.590.000,-6%,1.190.000,0
251,https://www.thegioididong.com/laptop/dell-inspiron-15-3530-i5-n5i5007w1,Trả góp 0%                  Dell Inspiron 15 3530 i5 1335U (N5I5007W1)           RAM 16 GB SSD 512 GB  Online giá rẻ quá 18.790.000₫  19.990.000₫ -6%  Quà 100.000₫,16 GB,512 GB,18.790.000,19.990.000,-6%,N/A,0
252,https://www.thegioididong.com/laptop/asus-vivobook-s-15-s5507qa-x1e-78-ma089ws,Trả góp 0%     Giá rẻ quá              Asus Vivobook S 15 S5507QA X1E 78 100 (MA089WS)           RAM 32 GB SSD 1 TB  Online giá rẻ quá 30.990.000₫  34.990.000₫ -11%  Quà 100.000₫,32 GB,N/A,30.990.000,34.990.000,-11%,N/A,0
253,https://www.thegioididong.com/laptop/msi-creator-m16-hx-c14vfg-i7-040vn,Trả góp 0%     Tặng Office              MSI Creator M16 HX C14VFG i7 14700HX (040VN)           RAM 32 GB SSD 1 TB  Chỉ bán online 41.990.000₫  45.990.000₫ -8%  Quà 990.000₫,32 GB,N/A,41.990.000,45.990.000,-8%,N/A,0
254,https://www.thegioididong.com/laptop/dell-inspiron-15-3530-i5-p16wd2,Mẫu mới Trả góp 0%                  Dell Inspiron 15 3530 i5 1334U (P16WD2)                 Mẫu mới   RAM 16 GB SSD 512 GB  18.490.000₫  19.190.000₫  Quà 100.000₫,16 GB,512 GB,18.490.000,19.190.000,N/A,N/A,1
255,https://www.thegioididong.com/laptop/dell-g15-5530-i9-i9hx161w11gr4060,Trả góp 0%     Giá rẻ quá              Dell G15 5530 i9 13900HX (i9HX161W11GR4060)           RAM 16 GB SSD 1 TB  Chỉ bán online 40.990.000₫  46.190.000₫ -11%  Quà 1.000.000₫,16 GB,N/A,40.990.000,46.190.000,-11%,1.000.000,0
256,https://www.thegioididong.com/laptop/dell-inspiron-7440-core-7-n7440c7u161w11ibu,Mẫu mới Trả góp 0%                  Dell Inspiron 7440 Core 7 150U (N7440-C7U161W11IBU)                 Mẫu mới   RAM 16 GB SSD 1 TB  32.490.000₫  33.490.000₫  Quà 100.000₫,16 GB,N/A,32.490.000,33.490.000,N/A,N/A,1
257,https://www.thegioididong.com/laptop/hp-envy-x360-14-fc0089tu-ultra-7-a19bzpa,Trả góp 0%     Tặng Office              HP Envy x360 14 fc0089TU Ultra 7 155U (A19BZPA)           RAM 16 GB SSD 512 GB  30.990.000₫  33.490.000₫ -7%  Quà 1.190.000₫,16 GB,512 GB,30.990.000,33.490.000,-7%,1.190.000,0
258,https://www.thegioididong.com/laptop/msi-cyborg-15-a13vfk-i7-876vn,Trả góp 0%     Tặng Office              MSI Cyborg 15 A13VFK i7 13620H (876VN)           RAM 16 GB SSD 512 GB  Chỉ bán online 27.990.000₫  29.990.000₫ -6%  Quà 990.000₫,16 GB,512 GB,27.990.000,29.990.000,-6%,N/A,0
259,https://www.thegioididong.com/laptop/hp-spectre-x360-14-eu0050tu-ultra-7-a19blpa,Trả góp 0%     Tặng Office              HP Spectre X360 14 eu0050TU Ultra 7 155H (A19BLPA)           RAM 32 GB SSD 1 TB  51.990.000₫  56.990.000₫ -8%  Quà 1.190.000₫,32 GB,N/A,51.990.000,56.990.000,-8%,1.190.000,0
260,https://www.thegioididong.com/laptop/msi-katana-a15-ai-b8vg-r9-466vn,Trả góp 0%     Tặng Office              MSI Gaming Katana A15 AI B8VG R9 8945HS (466VN)           RAM 16 GB SSD 1 TB  Chỉ bán online 38.990.000₫  41.990.000₫ -7%  Quà 990.000₫,16 GB,N/A,38.990.000,41.990.000,-7%,N/A,0
261,https://www.thegioididong.com/laptop/apple-macbook-air-m2-2022-16gb-256gb-10gpu,Trả góp 0%                  MacBook Air 13 inch M2 10GPU           RAM 16 GB SSD 256 GB    16GB - 256GB 8GB - 512GB 16GB - 512GB   Online giá rẻ quá 29.090.000₫  29.990.000₫,16 GB,256 GB,29.090.000,29.990.000,N/A,N/A,0
262,N/A,N/A,N/A,N/A,N/A,N/A,N/A,N/A,0
263,N/A,N/A,N/A,N/A,N/A,N/A,N/A,N/A,0
264,N/A,N/A,N/A,N/A,N/A,N/A,N/A,N/A,0
265,https://www.thegioididong.com/laptop/apple-macbook-pro-14-inch-m3-pro-2023,Trả góp 0%                  MacBook Pro 14 inch M3 Pro           RAM 18 GB SSD 512 GB  Online giá rẻ quá 49.090.000₫  49.990.000₫,18 GB,512 GB,49.090.000,49.990.000,N/A,N/A,0
266,https://www.thegioididong.com/laptop/dell-inspiron-14-5430-i5-i5p165w11sl2050?utm_flashsale=1,Trả góp 0%     Giá rẻ quá              Dell Inspiron 14 5430 i5 1340P (N5430-i5P165W11SL2050)           RAM 16 GB SSD 512 GB  Online giá rẻ quá 26.790.000₫  29.790.000₫ -10%  Quà 100.000₫,16 GB,512 GB,26.790.000,29.790.000,-10%,N/A,0
267,https://www.thegioididong.com/laptop/hp-elitebook-630-g10-i5-9j0b5pt,Trả góp 0%     Tặng Office              HP Elitebook 630 G10 i5 1335U (9J0B5PT)           RAM 16 GB SSD 512 GB  Chỉ bán online 21.490.000₫  24.390.000₫ -11%  Quà 1.190.000₫,16 GB,512 GB,21.490.000,24.390.000,-11%,1.190.000,0
268,https://www.thegioididong.com/laptop/asus-fa506nfr-r7-hn113w,Mẫu mới Trả góp 0%     Tặng Office              Asus TUF Gaming A15 FA506NFR R7 7435HS (HN113W)                 Mẫu mới   RAM 16 GB SSD 512 GB  Online giá rẻ quá 18.990.000₫  21.990.000₫ -13%  Quà 1.090.000₫,16 GB,512 GB,18.990.000,21.990.000,-13%,1.090.000,1
269,https://www.thegioididong.com/laptop/asus-vivobook-14-a1405va-i3-ly097w,Trả góp 0%     Tặng Office              Asus Vivobook 14 A1405VA i3 1315U (LY097W)           RAM 8 GB SSD 512 GB  12.690.000₫  14.990.000₫ -15%  Quà 1.090.000₫,8 GB,512 GB,12.690.000,14.990.000,-15%,1.090.000,0
270,https://www.thegioididong.com/laptop/samsung-galaxy-chromebook-go-xe310xda-n4500,Trả góp 0%     Giá rẻ quá              Samsung Galaxy Chromebook Go XE310XDA N4500           RAM 4 GB eMMC 32 GB  Chỉ bán online 7.990.000₫  9.990.000₫ -20%,4 GB,N/A,7.990.000,9.990.000,-20%,N/A,0
271,https://www.thegioididong.com/laptop/hp-pavilion-15-eg2034tx-i7-6k780pa?utm_flashsale=1,Trả góp 0%     Tặng Office              HP Pavilion 15 eg2034TX i7 1255U (6K780PA)           RAM 8 GB SSD 512 GB  Online giá rẻ quá 17.990.000₫  24.590.000₫ -26%  Quà 1.190.000₫,8 GB,512 GB,17.990.000,24.590.000,-26%,1.190.000,0
272,https://www.thegioididong.com/laptop/macbook-air-15-inch-m3-2024,Trả góp 0%                  MacBook Air 15 inch M3           RAM 8 GB SSD 256 GB    8GB - 256GB 16GB - 256GB 8GB - 512GB 16GB - 512GB   Online giá rẻ quá 31.290.000₫  32.990.000₫ -5%,8 GB,256 GB,31.290.000,32.990.000,-5%,N/A,0
273,N/A,N/A,N/A,N/A,N/A,N/A,N/A,N/A,0
274,N/A,N/A,N/A,N/A,N/A,N/A,N/A,N/A,0
275,N/A,N/A,N/A,N/A,N/A,N/A,N/A,N/A,0
276,N/A,N/A,N/A,N/A,N/A,N/A,N/A,N/A,0
277,https://www.thegioididong.com/laptop/asus-tuf-gaming-a16-fa617nsr-r7-rl100w,Mẫu mới Trả góp 0%     Tặng Office              Asus TUF Gaming A16 FA617NSR R7 7435HS (RL100W)                 Mẫu mới   RAM 16 GB SSD 512 GB  Chỉ bán online 24.990.000₫  28.490.000₫ -12%  Quà 1.090.000₫,16 GB,512 GB,24.990.000,28.490.000,-12%,1.090.000,1
278,https://www.thegioididong.com/laptop/asus-ux5406sa-ultra-7-pv140ws,Mẫu mới Trả góp 0%                  Asus Zenbook S 14 UX5406SA Ultra 7 258V (PV140WS)                 Mẫu mới   RAM 32 GB SSD 1 TB  Chỉ bán online 44.990.000₫ Quà 1.090.000₫,32 GB,N/A,44.990.000,1.090.000,N/A,1.090.000,1
279,https://www.thegioididong.com/laptop/hp-elitebook-x360-1040-g9-i7-6z982pa,Trả góp 0%     Tặng Office              HP Elitebook X360 1040 G9 i7 1255U (6Z982PA)           RAM 16 GB SSD 512 GB  Online giá rẻ quá 35.990.000₫  49.990.000₫ -28%  Quà 1.190.000₫,16 GB,512 GB,35.990.000,49.990.000,-28%,1.190.000,0
280,https://www.thegioididong.com/laptop/hp-elitebook-630-g10-i7-9j0b7pt,Trả góp 0%     Tặng Office              HP Elitebook 630 G10 i7 1355U (9J0B7PT)           RAM 16 GB SSD 512 GB  Chỉ bán online 24.490.000₫  28.590.000₫ -14%  Quà 1.190.000₫,16 GB,512 GB,24.490.000,28.590.000,-14%,1.190.000,0
281,https://www.thegioididong.com/laptop/hp-victus-16-s0140ax-r7-9q987pa,Trả góp 0%     Tặng Office              HP Gaming VICTUS 16 s0140AX R7 7840HS (9Q987PA)           RAM 32 GB SSD 512 GB  Chỉ bán online 31.890.000₫  35.890.000₫ -11%  Quà 1.190.000₫,32 GB,512 GB,31.890.000,35.890.000,-11%,1.190.000,0
282,https://www.thegioididong.com/laptop/hp-victus-16-s0138ax-r7-9q985pa,Trả góp 0%     Tặng Office              HP Gaming VICTUS 16 s0138AX R7 7840HS (9Q985PA)           RAM 32 GB SSD 512 GB  Chỉ bán online 36.990.000₫  41.390.000₫ -10%  Quà 1.190.000₫,32 GB,512 GB,36.990.000,41.390.000,-10%,1.190.000,0
283,https://www.thegioididong.com/laptop/hp-omen-16-xf0070ax-r9-8w945pa,Trả góp 0%                  HP OMEN 16 xf0070AX R9 7940HS (8W945PA)           RAM 32 GB SSD 1 TB  Chỉ bán online 57.890.000₫  62.890.000₫ -7%  Quà 1.190.000₫,32 GB,N/A,57.890.000,62.890.000,-7%,1.190.000,0
284,https://www.thegioididong.com/laptop/dell-g15-5530-i7-i7hx161w11gr4060,Trả góp 0%     Giá rẻ quá              Dell G15 5530 i7 13650HX (i7HX161W11GR4060)           RAM 16 GB SSD 1 TB  Chỉ bán online 36.990.000₫  41.990.000₫ -11%  Quà 100.000₫,16 GB,N/A,36.990.000,41.990.000,-11%,N/A,0
285,https://www.thegioididong.com/laptop/dell-latitude-3540-i5-71038101,Trả góp 0%     Tặng Office              Dell Latitude 3540 i5 1335U (71038101)           RAM 16 GB SSD 512 GB  Chỉ bán online 19.490.000₫  21.490.000₫ -9%  Quà 1.090.000₫,16 GB,512 GB,19.490.000,21.490.000,-9%,1.090.000,0
286,https://www.thegioididong.com/laptop/dell-xps-13-9340-ultra-5-xpsu5934w1,Trả góp 0%                  Dell XPS 13 9340 Ultra 5 125H (XPSU5934W1)           RAM 16 GB SSD 2 TB  Chỉ bán online 52.990.000₫  56.990.000₫ -7%  Quà 100.000₫,16 GB,N/A,52.990.000,56.990.000,-7%,N/A,0
287,https://www.thegioididong.com/laptop/msi-prestige-14-ai-studio-c1udxg-ultra-7-058vn,Mẫu mới Trả góp 0%     Tặng Office              MSI Prestige 14 AI Studio C1UDXG Ultra 7 155H (058VN)                 Mẫu mới   RAM 16 GB SSD 1 TB  26.990.000₫  30.990.000₫ -12%  Quà 990.000₫,16 GB,N/A,26.990.000,30.990.000,-12%,N/A,1
288,https://www.thegioididong.com/laptop/hp-gaming-victus-16-r0128tx-i5-8c5n3pa,Trả góp 0%     Tặng Office              HP Gaming VICTUS 16 r0128TX i5 13450HX (8C5N3PA)           RAM 16 GB SSD 512 GB  Chỉ bán online 28.190.000₫  31.690.000₫ -11%  Quà 1.190.000₫,16 GB,512 GB,28.190.000,31.690.000,-11%,1.190.000,0
289,https://www.thegioididong.com/laptop/dell-precision-15-3581-i7-71024677,Dell Precision 15 3581 i7 13800H (71024677)           RAM 32 GB SSD 1 TB  57.290.000₫ Quà 100.000₫,32 GB,N/A,57.290.000,N/A,N/A,N/A,0
290,https://www.thegioididong.com/laptop/hp-victus-16-r0228tx-i5-9q979pa,Trả góp 0%     Tặng Office              HP Gaming VICTUS 16 r0228TX i5 13500H (9Q979PA)           RAM 32 GB SSD 512 GB  Chỉ bán online 29.690.000₫  33.290.000₫ -10%  Quà 1.190.000₫,32 GB,512 GB,29.690.000,33.290.000,-10%,1.190.000,0
291,https://www.thegioididong.com/laptop/hp-victus-16-r0227tx-i5-9q978pa,Trả góp 0%     Tặng Office              HP Gaming VICTUS 16 r0227TX i5 13500H (9Q978PA)           RAM 32 GB SSD 512 GB  Chỉ bán online 31.090.000₫  34.890.000₫ -10%  Quà 1.190.000₫,32 GB,512 GB,31.090.000,34.890.000,-10%,1.190.000,0
292,https://www.thegioididong.com/laptop/msi-sword-16-hx-b14vekg-i7-459vn,Trả góp 0%     Tặng Office              MSI Gaming Sword 16 HX B14VEKG i7 14700HX (459VN)           RAM 16 GB SSD 1 TB  Chỉ bán online 32.990.000₫  35.990.000₫ -8%  Quà 990.000₫,16 GB,N/A,32.990.000,35.990.000,-8%,N/A,0
293,https://www.thegioididong.com/laptop/samsung-galaxy-chromebook-go-xe340xda-n4500,Trả góp 0%     Giá rẻ quá              Samsung Galaxy Chromebook Go XE340XDA N4500           RAM 4 GB eMMC 32 GB  8.990.000₫  11.990.000₫ -25%,4 GB,N/A,8.990.000,11.990.000,-25%,N/A,0
294,https://www.thegioididong.com/laptop/hp-omen-16-xf0071ax-r7-8w946pa,Trả góp 0%     Tặng Office              HP OMEN 16 xf0071AX R7 7840HS (8W946PA)           RAM 32 GB SSD 1 TB  53.890.000₫  58.890.000₫ -8%  Quà 1.190.000₫,32 GB,N/A,53.890.000,58.890.000,-8%,1.190.000,0
295,https://www.thegioididong.com/laptop/msi-creator-z17-hx-studio-a14vgt-i7-272vn,Trả góp 0%     Tặng Office              MSI Creator Z17 HX Studio A14VGT i7 14700HX (272VN)           RAM 32 GB SSD 2 TB  Chỉ bán online 65.990.000₫  71.990.000₫ -8%  Quà 990.000₫,32 GB,N/A,65.990.000,71.990.000,-8%,N/A,0
296,https://www.thegioididong.com/laptop/lenovo-legion-pro-7-16irx9h-i9-83de001mvn,Tặng Office              Lenovo Gaming Legion Pro 7 16IRX9H i9 14900HX (83DE001MVN)           RAM 32 GB SSD 1 TB  Chỉ bán online 96.990.000₫  106.990.000₫ -9%  Quà 1.090.000₫,32 GB,N/A,96.990.000,106.990.000,-9%,1.090.000,0
297,https://www.thegioididong.com/laptop/apple-macbook-pro-16-inch-m3-max-96gb-1tb?utm_flashsale=1,Trả góp 0%                  MacBook Pro 16 inch M3 Max           RAM 96 GB SSD 1 TB  Online giá rẻ quá 107.990.000₫  109.990.000₫,96 GB,N/A,107.990.000,109.990.000,N/A,N/A,0
298,https://www.thegioididong.com/laptop/lenovo-thinkpad-x13-ultra-7-21lu004lvn,Mẫu mới     Tặng Office              Lenovo Thinkpad X13 Ultra 7 155H (21LU004LVN)                 Mẫu mới   RAM 32 GB SSD 1 TB  Chỉ bán online 44.990.000₫  45.590.000₫  Quà 1.090.000₫,32 GB,N/A,44.990.000,45.590.000,N/A,1.090.000,1
299,https://www.thegioididong.com/laptop/asus-fa506ncr-r7-hn097w,Mẫu mới Trả góp 0%     Tặng Office              Asus TUF Gaming A15 FA506NCR R7 7435HS (HN097W)                 Mẫu mới   RAM 16 GB SSD 512 GB  Online giá rẻ quá 20.990.000₫  23.490.000₫ -10%  Quà 1.090.000₫,16 GB,512 GB,20.990.000,23.490.000,-10%,1.090.000,1
300,https://www.thegioididong.com/laptop/msi-thin-15-b13uc-i7-1411vn,Mẫu mới Trả góp 0%                  MSI Thin 15 B13UC i7 13620H (1411VN)                 Mẫu mới   RAM 32 GB SSD 512 GB  21.490.000₫  21.990.000₫  Quà 990.000₫,32 GB,512 GB,21.490.000,21.990.000,N/A,N/A,1
