id,Công nghệ CPU,Số nhân,Số luồng,Tốc độ CPU,Tốc độ tối đa,Bộ nhớ đệm,RAM,Loại RAM,Tốc độ Bus RAM,Hỗ trợ RAM tối đa,Ổ cứng,Màn hình,Độ phân giải,Tần số quét,Độ phủ màu,Công nghệ màn hình,Card màn hình,Công nghệ âm thanh,Cổng giao tiếp,Kết nối không dây,Webcam,Tính năng khác,Đèn bàn phím,Kích thước,Khối lượng tịnh,Chất liệu,Thông tin Pin,Công suất bộ sạc,Hệ điều hành,Thời điểm ra mắt,Khe đọc thẻ nhớ,Tản nhiệt,Màn hình cảm ứng
311180,Intel Core i5 Alder Lake - 12500H,12,16,2.5GHz,N/A,18 MB,N/A,N/A,2933 MHz,16 GB,N/A,"15.6""",Full HD (1920 x 1080) OLED,N/A,100% DCI-P3,Thời gian phản hồi 0.2 ms,Card tích hợp - Intel Iris Xe Graphics,N/A,1 x USB 2.0,Bluetooth 5.3,N/A,N/A,Không có đèn,Dài 356.8 mm - Rộng 227.6 mm - Dày 19.9 mm,1.7 kg,N/A,N/A,65 W,N/A,2023,,,
327872,AMD Ryzen 7 - 7435HS,8,16,3.1GHz,N/A,16 MB,N/A,N/A,4800 MHz,32 GB,"512 GB SSD NVMe PCIe Gen 4 (Có thể tháo ra, lắp thanh khác tối đa 2 TB)","15.6""",N/A,N/A,100% sRGB,N/A,"Card rời - NVIDIA GeForce RTX 4050, 6 GB",N/A,"1 x USB 3.2 Gen 2 Type-C (hỗ trợ DisplayPort, Power delivery, G-SYNC)",Bluetooth 5.3,N/A,MUX Switch,Đèn chuyển màu RGB - 1 vùng,Dài 354 mm - Rộng 251 mm - Dày 24.9 mm,2.2 kg,N/A,N/A,240 W,N/A,2024,,,
326831,Intel Core 7 Raptor Lake - 150U,10,12,Hãng không công bố,Turbo Boost 5.40 GHz,12 MB,N/A,N/A,3200 MHz,Không hỗ trợ nâng cấp,512 GB SSD NVMe PCIe Gen 4.0,"14""",N/A,N/A,62.5% sRGB,N/A,Card tích hợp - Intel Graphics,N/A,1 x Headphone/microphone combo,Bluetooth 5.3,HP TrueVision 5 MP,Màn hình gập 360 độ,Đơn sắc - Màu trắng,Dài 322 mm - Rộng 210 mm - Dày 18.9 mm,1.51 kg,N/A,N/A,65 W,N/A,2024,N/A,,N/A
308526,Intel Core i5 Alder Lake - 1235U,10,12,1.3GHz,N/A,12 MB,N/A,N/A,3200 MHz,32 GB,N/A,"15.6""",N/A,N/A,,BrightView,Card rời - NVIDIA GeForce MX550 2 GB,N/A,N/A,N/A,N/A,,Không có đèn,Dài 360.2 mm - Rộng 234 mm - Dày 17.9 mm,1.74 kg,N/A,"3 cell, 41.04 Wh",65 W,N/A,2022,,,
329867,Intel Core Ultra 5 Meteor Lake - 125U,12,14,1.3GHz,N/A,12 MB,N/A,N/A,5600 MHz,32 GB,N/A,"14""",N/A,N/A,45% NTSC,N/A,Card tích hợp - Intel Arc Graphics,N/A,"1 x USB Type-C (hỗ trợ USB 3.2, DisplayPort)",Bluetooth 5,Full HD Webcam,,Không có đèn,Dài 314.4 mm - Rộng 221.9 mm - Dày 17.5 mm,1.27 kg,Vỏ nhựa - nắp lưng bằng kim loại,"3-cell Li-ion, 58 Wh",65 W,N/A,2024,N/A,,
327049,Intel Core Ultra 5 Meteor Lake - 125H,14,18,1.2GHz,N/A,18 MB,N/A,LPDDR5X (Onboard),7467 MHz,Không hỗ trợ nâng cấp,N/A,"14""","WUXGA, OLED",N/A,100% DCI-P3,Chuẩn DisplayHDR True Black 500,Card tích hợp - Intel Arc Graphics,N/A,2 x USB Type-C 3.2 (hỗ trợ Power Delivery 3.0 và DisplayPort 1.4),N/A,Full HD Webcam,N/A,Đơn sắc - Màu trắng,Dài 312 mm - Rộng 221 mm - Dày 16.9 mm,1.48 kg,Vỏ kim loại - Nhôm,N/A,65 W,N/A,,N/A,,
325512,Intel Core Ultra 7 Meteor Lake - 155H,16,22,3.8GHz,N/A,24 MB,32 GB,LPDDR5X (Onboard),7467 MHz,Không hỗ trợ nâng cấp,N/A,"14""","WUXGA, OLED",N/A,100% DCI-P3,N/A,Card tích hợp - Intel Arc Graphics,N/A,"2 x USB Type-C (hỗ trợ Thunderbolt 4 / USB4, Power Delivery 3.1 và DisplayPort 1.4)",Bluetooth 5.3,Full HD Webcam,N/A,Đơn sắc - Màu trắng,Dài 312 mm - Rộng 221 mm - Dày 14.9 mm,1.39 kg,Vỏ kim loại - Nhôm,N/A,65 W,Windows 11 Home SL + Office Home & Student vĩnh viễn,,,,
325586,Intel Core i7 Raptor Lake - 13620H,10,16,2.4GHz,N/A,24 MB,N/A,N/A,5200 MHz,64 GB,512 GB SSD NVMe PCIe Gen 4.0,"14""",N/A,N/A,100% sRGB,N/A,"Card rời - NVIDIA GeForce RTX 4050, 6 GB",N/A,"1 x USB Type-C (hỗ trợ USB 3.2, DisplayPort)",Bluetooth 5.3,N/A,,Đơn sắc - Màu xanh,Dài 314.7 mm - Rộng 233.5 mm - Dày 22.3 mm,1.6 kg,N/A,N/A,120 W,N/A,,,Cooler Boost,
325953,Intel Core 7 Raptor Lake - 150U,10,12,Hãng không công bố,Turbo Boost 5.40 GHz,12 MB,N/A,N/A,5200 MHz,24 GB,N/A,"14""",Full HD+,N/A,,N/A,Card tích hợp - Intel Graphics,Waves MaxxAudio Pro,1 x Headphone/microphone combo,Bluetooth 5.3,Full HD Webcam,N/A,Đơn sắc - Màu trắng,Dài 314 mm - Rộng 226.6 mm - Dày 18.9 mm,1.56 kg,N/A,N/A,65 W,Windows 11 Home SL + Office Home & Student vĩnh viễn,2024,N/A,,
302266,Intel Core i3 Alder Lake - 1215U,6,8,1.2GHz,N/A,10 MB,N/A,N/A,2666 MHz,16 GB,Hỗ trợ khe cắm HDD SATA (nâng cấp tối đa 2 TB),"15.6""",N/A,N/A,,N/A,Card tích hợp - Intel UHD Graphics,Realtek Audio,1 x USB 2.0,N/A,N/A,,Không có đèn,Dài 358.5 mm - Rộng 235.56 mm - Dày 16.96 ~ 18.99 mm,1.9 kg,N/A,N/A,65 W,Windows 11 Home SL + Office Home & Student vĩnh viễn,2022,N/A,,
305655,Intel Core i3 Alder Lake - 1215U,6,8,1.2GHz,N/A,10 MB,N/A,N/A,2666 MHz,16 GB,Hỗ trợ khe cắm HDD SATA 2.5 inch mở rộng (nâng cấp tối đa 2 TB),"15.6""",N/A,N/A,,N/A,Card tích hợp - Intel UHD Graphics,Realtek Audio,1 x USB 2.0,N/A,N/A,,Không có đèn,Dài 358.5 mm - Rộng 235.56 mm - Dày 18.99 mm,1.83 kg,N/A,N/A,,Windows 11 Home SL + Office Home & Student vĩnh viễn,2022,N/A,,
311145,Intel Core i5 Raptor Lake - 1335U,10,12,1.3GHz,N/A,12 MB,N/A,N/A,3200 MHz,16 GB,N/A,"15.6""",N/A,N/A,45% NTSC,N/A,Card tích hợp - Intel Iris Xe Graphics,Audio by B&O,"1 x USB Type-C (hỗ trợ USB, Power Delivery và DisplayPort)",N/A,N/A,,Không có đèn,Dài 360.2 mm - Rộng 234 mm - Dày 18 mm,1.69 kg,Vỏ kim loại - Nắp lưng bằng nhựa,N/A,45 W,N/A,2023,,,
328950,Intel Core i9 Raptor Lake - 13900H,14,20,2.6GHz,Turbo Boost 5.40 GHz,24 MB,N/A,N/A,3200 MHz,24 GB,N/A,"15.6""",2.8K (2880 x 1620) - OLED,N/A,100% DCI-P3,Thời gian phản hồi 0.2 ms,Card tích hợp - Intel Iris Xe Graphics,N/A,1 x USB 2.0,Bluetooth 5.3,N/A,Lớp phủ ASUS Antimicrobial Guard,Không có đèn,Dài 356.8 mm - Rộng 227.6 mm - Dày 19.9 mm,1.7 kg,N/A,N/A,65 W,Windows 11 Home SL + Office Home & Student vĩnh viễn,2024,,,
313973,Intel Core i5 Raptor Lake - 13500H,12,16,2.6GHz,N/A,18 MB,N/A,N/A,5200 MHz,32 GB,N/A,"16.1""",N/A,N/A,45% NTSC,N/A,"Card rời - NVIDIA GeForce RTX 3050, 6 GB",Audio by B&O,"1 x USB Type-C (hỗ trợ USB Power Delivery, DisplayPort 1.4)",Bluetooth 5.3,Full HD Webcam,N/A,Đèn chuyển màu RGB - 1 vùng,Dài 369 mm - Rộng 259.4 mm - Dày 23.9 mm,2.34 kg,N/A,N/A,200 W,N/A,2023,,,
327507,Intel Core i7 Raptor Lake - 13620H,10,16,2.4GHz,N/A,24 MB,N/A,LPDDR5 (Onboard),4800 MHz,Không hỗ trợ nâng cấp,N/A,"15.6""",N/A,N/A,45% NTSC,N/A,Card tích hợp - Intel UHD Graphics,Acer Purified Voice,"1 x USB Type-C (hỗ trợ USB 4, DisplayPort và Thunderbolt 4)",N/A,Full HD Webcam,N/A,Đơn sắc - Màu trắng,Dài 362.9 mm - Rộng 237.5 mm - Dày 17.9 mm,1.7 kg,Vỏ nhựa - nắp lưng bằng kim loại,N/A,65 W,N/A,2024,,,
313176,Intel Core i5 Alder Lake - 12450H,8,12,2GHz,N/A,12 MB,N/A,N/A,3200 MHz,32 GB,Hỗ trợ thêm 1 khe cắm SSD M.2 PCIe mở rộng (nâng cấp tối đa 1 TB),"15.6""",N/A,N/A,,N/A,"Card rời - NVIDIA GeForce RTX 2050, 4 GB",Acer Purified Voice,"1 x USB Type-C (hỗ trợ USB, DisplayPort, Thunderbolt 4)",N/A,N/A,N/A,Đơn sắc,Dài 362.3 mm - Rộng 237.4 mm - Dày 19.9 mm,2.1 kg,Vỏ nhựa - nắp lưng bằng kim loại,N/A,135 W,N/A,2023,,3 ống đồng,
324821,Intel Core Ultra 9 Meteor Lake - 185H,16,22,Hãng không công bố,N/A,24 MB,32 GB,LPDDR5X (Onboard),4800 MHz,Không hỗ trợ nâng cấp,N/A,"14""",2.8K (2880 x 1800) - OLED 16:10,N/A,100% DCI-P3,Thời gian phản hồi 0.2 ms,Card tích hợp - Intel Arc Graphics,N/A,"2 x Thunderbolt 4 (hỗ trợ Power Delivery, DisplayPort)",Bluetooth 5.3,Full HD Webcam,N/A,Đơn sắc - Màu trắng,Dài 312.4 mm - Rộng 220.1 mm - Dày 14.9 mm,1.2 kg,Vỏ kim loại - Nhôm,"4-cell Li-ion, 75 Wh",65 W,N/A,2024,,,
325588,Intel Core Ultra 7 Meteor Lake - 155H,16,22,1.4GHz,N/A,24 MB,32 GB,N/A,5600 MHz,96 GB,N/A,"14""",2.8K (2880 x 1800) - OLED,N/A,100% DCI-P3,N/A,"Card rời - NVIDIA GeForce RTX 4060, 8 GB",N/A,"1 x USB Type-C (hỗ trợ USB, Power Delivery, DisplayPort và Thunderbolt 4)",Wi-Fi 7 (802.11be),Full HD Webcam,N/A,Đèn chuyển màu RGB - Per-Key,Dài 315.6 mm - Rộng 246.25 mm - Dày 21.8 mm,1.7 kg,Nắp lưng và mặt đáy bằng kim loại,"4-cell, 72Wh",240 W,N/A,,,Vapor Chamber Cooler,
326496,Intel Core i9 Raptor Lake - 14900HX,24,32,2.2GHz,Turbo Boost 5.80 GHz,36 MB,32 GB,N/A,5600 MHz,32 GB,N/A,"16""",N/A,N/A,100% DCI-P3,Low Blue Light,"Card rời - NVIDIA GeForce RTX 4070, 8 GB",N/A,"1 x USB-C 3.2 (hỗ trợ truyền dữ liệu, Power Delivery 140W và DisplayPort 1.4)",N/A,Full HD Webcam,AI Chip LA1,Đèn chuyển màu RGB - 4 vùng,Dài 363.4 mm - Rộng 261.75 mm - Dày 26.95 mm,2.5 kg,Vỏ nhựa - nắp lưng bằng kim loại,80 Wh,300 W,N/A,2024,,,
326558,Intel Core Ultra 7 Meteor Lake - 155H,16,22,3.8GHz,N/A,24 MB,32 GB,LPDDR5X (Onboard),7467 MHz,Không hỗ trợ nâng cấp,"512 GB SSD NVMe PCIe 4.0 (Có thể tháo ra, lắp thanh khác tối đa 1 TB)","14""","WUXGA, OLED",N/A,100% DCI-P3,Chuẩn DisplayHDR True Black 500,Card tích hợp - Intel Arc Graphics,N/A,2 x USB Type-C 3.2 (hỗ trợ Power Delivery 3.0 và DisplayPort 1.4),N/A,Full HD Webcam,N/A,Đơn sắc - Màu trắng,Dài 312 mm - Rộng 221 mm - Dày 16.9 mm,1.48 kg,Vỏ kim loại - Nhôm,N/A,65 W,N/A,2024,N/A,,
328130,Intel Core Ultra 7 Meteor Lake - 155U,12,14,1.7GHz,N/A,12 MB,N/A,DDR5 2 khe (1 khe 16 GB + 1 khe rời),5600 MHz,64 GB,"512 GB SSD NVMe PCIe Gen 4 (Có thể tháo ra, lắp thanh khác tối đa 2 TB)","14""",N/A,N/A,45% NTSC,Low Blue Light,Card tích hợp - Intel Graphics,N/A,"1 x USB-C (hỗ trợ Thunderbolt 4 / USB4, USB Power Delivery 3.1 and DisplayPort 2.1)",Bluetooth 5.3,Full HD Webcam,N/A,Đơn sắc - Màu trắng,Dài 313.5 mm - Rộng 224 mm - Dày 16.9 mm,1.38 kg,Vỏ kim loại - Nhôm,N/A,65 W,N/A,2024,N/A,,
325244,Intel Core 7 Raptor Lake - 150U,10,12,Hãng không công bố,Turbo Boost 5.40 GHz,12 MB,N/A,N/A,5200 MHz,32 GB,N/A,"14""",N/A,N/A,45% NTSC,N/A,Card tích hợp - Intel Graphics,Realtek Audio,1 x USB Type-C 3.2 (hỗ trợ Power Delivery và DisplayPort 1.4),N/A,Full HD Webcam,N/A,Đơn sắc - Màu trắng,Dài 314 mm - Rộng 226.15 mm - Dày 18.07 mm,1.67 kg,N/A,N/A,65 W,Windows 11 Home SL + Office Home & Student vĩnh viễn,2023,N/A,,
321193,Intel Core i5 Alder Lake - 1235U,10,12,1.3GHz,N/A,12 MB,N/A,N/A,2666 MHz,16 GB,Hỗ trợ khe cắm HDD SATA (nâng cấp tối đa 2 TB),"15.6""",N/A,N/A,,N/A,Card tích hợp - Intel UHD Graphics (Iris Xe Graphics chỉ hoạt động với RAM kênh đôi),Realtek Audio,1 x USB 2.0,N/A,N/A,,Không có đèn,Dài 358.5 mm - Rộng 235.56 mm - Dày 18.99 mm,1.9 kg,N/A,N/A,65 W,Windows 11 Home SL + Office Home & Student vĩnh viễn,2022,N/A,,
329333,AMD Ryzen AI 9 - HX 370,12,24,2GHz,N/A,24 MB,32 GB,LPDDR5X (Onboard),7500 MHz,Không hỗ trợ nâng cấp,N/A,"16""",3.2K (3200 x 2000) OLED 16:10,N/A,100% DCI-P3,Thời gian phản hồi 0.2 ms,Card tích hợp - AMD Radeon Graphics,N/A,1 x USB Type-C USB 4 (hỗ trợ DisplayPort và Power Delivery),Bluetooth 5.3,Full HD Webcam,N/A,Đèn chuyển màu RGB - 1 vùng,Dài 353.6 mm - Rộng 246.9 mm - Dày 13.9 mm,1.5 kg,Vỏ kim loại - Nhôm,"4-cell Li-ion, 75 Wh",90 W,Windows 11 Home SL + Office Home & Student vĩnh viễn,2024,N/A,,
313332,Intel Core i7 Alder Lake - 12700H,14,20,2.30 GHz,N/A,24 MB,N/A,N/A,3200 MHz,32 GB,"512 GB SSD NVMe PCIe 4.0 (Có thể tháo ra, lắp thanh khác tối đa 1 TB)","15.6""",N/A,N/A,,N/A,"Card rời - NVIDIA GeForce RTX 3050, 4 GB",Spatial Audio,"1 x USB Type-C (hỗ trợ USB, DisplayPort, Thunderbolt 4)",N/A,N/A,,Đèn chuyển màu RGB - 4 vùng,Dài 360.4 mm - Rộng 271.09 mm - Dày 25.9 mm,2.5 kg,N/A,N/A,180 W,N/A,2022,,,
315911,Intel Core i5 Raptor Lake - 1335U,10,12,1.3GHz,N/A,12 MB,N/A,N/A,3200 MHz,32 GB,N/A,"15.6""",N/A,N/A,45% NTSC,N/A,Card tích hợp - Intel Iris Xe Graphics,Audio by B&O,"1 x USB Type-C (hỗ trợ USB, Power Delivery và DisplayPort)",N/A,N/A,,Không có đèn,Dài 360.2 mm - Rộng 234 mm - Dày 17.9 mm,1.74 kg,Vỏ kim loại - Nắp lưng bằng nhựa,N/A,45 W,N/A,2023,,,
326823,Intel Core Ultra 5 Meteor Lake - 125U,12,14,1.3GHz,N/A,12 MB,N/A,LPDDR5 (Onboard),6400 MHz,Không hỗ trợ nâng cấp,N/A,"14""",2.8K (2880 x 1800) - OLED 16:10,N/A,100% DCI-P3,Thời gian phản hồi 0.2 ms,Card tích hợp - Intel Graphics,N/A,2 x USB Type-A,Bluetooth 5.3,Camera IR 5 MP,Màn hình gập 360 độ,Đơn sắc - Màu trắng,Dài 313.3 mm - Rộng 218.9 mm - Dày 16.9 mm,1.39 kg,N/A,"3-cell Li-ion, 59 Wh",65 W,N/A,2024,,,N/A
311015,AMD Ryzen 7 - 7730U,8,16,2GHz,N/A,16 MB,N/A,N/A,3200 MHz,Không hỗ trợ nâng cấp,N/A,"15.6""",N/A,N/A,45% NTSC,N/A,Card tích hợp - AMD Radeon Graphics,2 x 2W Speaker,1 x USB Type-C (chỉ hỗ trợ Power Delivery),N/A,N/A,N/A,Đơn sắc - Màu trắng,Dài 359 mm - Rộng 241 mm - Dày 19.9 mm,1.75 kg,N/A,"3-Cell, 39.3 Wh",65 W,N/A,2023,N/A,,
271044,Intel Core i5 Tiger Lake - 1135G7,4,8,2.4GHz,N/A,8 MB,N/A,N/A,2666 MHz,20 GB,Hỗ trợ khe cắm HDD SATA (nâng cấp tối đa 2 TB),"14""",N/A,N/A,,N/A,Card tích hợp - Intel Iris Xe Graphics,N/A,N/A,N/A,N/A,,Đơn sắc - Màu trắng,Dài 328 mm - Rộng 223 mm - Dày 17.95 mm,1.46 kg,Vỏ nhựa - nắp lưng bằng kim loại,N/A,45 W,N/A,2021,,,
312871,AMD Ryzen 5 - 7520U,4,8,2.8GHz,N/A,4 MB,N/A,N/A,3200 MHz,Không hỗ trợ nâng cấp,N/A,"14""",N/A,N/A,,N/A,Card tích hợp - AMD Radeon Graphics,N/A,N/A,Bluetooth 5.3,N/A,,Không có đèn,Dài 324 mm - Rộng 215 mm - Dày 17.9 mm,1.36 kg,Vỏ nhựa - nắp lưng bằng kim loại,N/A,45 W,N/A,2023,,,
327406,Intel Core i5 Raptor Lake - 1335U,10,12,1.3GHz,N/A,12 MB,N/A,N/A,3200 MHz,32 GB,N/A,"15.6""",N/A,N/A,45% NTSC,N/A,Card tích hợp - Intel UHD Graphics (Iris Xe Graphics chỉ hoạt động với RAM kênh đôi),N/A,1 x Headphone/microphone combo,Bluetooth 5.3,N/A,N/A,Đơn sắc - Màu trắng,Dài 359.4 mm - Rộng 233.9 mm - Dày 19.9 mm,1.72 kg,N/A,N/A,65 W,N/A,2023,,,
320552,Intel Core i9 Raptor Lake - 13900H,14,20,2.6GHz,Turbo Boost 5.40 GHz,24 MB,N/A,N/A,3200 MHz,16 GB,N/A,"15.6""",Full HD (1920 x 1080) OLED,N/A,100% DCI-P3,Thời gian phản hồi 0.2 ms,Card tích hợp - Intel Iris Xe Graphics,N/A,1 x USB 2.0,Bluetooth 5.3,N/A,N/A,Không có đèn,Dài 356.8 mm - Rộng 227.6 mm - Dày 19.9 mm,1.7 kg,N/A,N/A,65 W,N/A,2023,,,
322959,Intel Core Ultra 7 Meteor Lake - 155H,16,22,1.4GHz,N/A,24 MB,32 GB,LPDDR5 (Onboard),6400 MHz,Không hỗ trợ nâng cấp,N/A,"13.3""",2.8K (2880 x 1800) - OLED 16:10,N/A,100% DCI-P3,Chuẩn DisplayHDR True Black 500,Card tích hợp - Intel Arc Graphics,N/A,"2 x USB Type-C (hỗ trợ USB, Power Delivery, DisplayPort và Thunderbolt 4)",Wi-Fi 7 (802.11be),Full HD Webcam,N/A,Đơn sắc - Màu trắng,Dài 299 mm - Rộng 210 mm - Dày 16.9 mm,0.99 kg,N/A,"4-cell Li-ion, 75 Wh",65 W,N/A,2024,N/A,,
325050,Intel Core Ultra 5 Meteor Lake - 125H,14,18,Hãng không công bố,N/A,18 MB,N/A,LPDDR5X (Onboard),6400 MHz,Không hỗ trợ nâng cấp,N/A,"14""",2.8K (2880 x 1800),N/A,100% sRGB,N/A,Card tích hợp - Intel Arc Graphics,Acer Purified Voice,"2 x USB Type-C (hỗ trợ USB 4, Thunderbolt 4)",Bluetooth 5.3,QHD Webcam,N/A,Đơn sắc - Màu trắng,Dài 312.9 mm - Rộng 217.9 mm - Dày 14.9 mm,1.32 kg,Vỏ kim loại - Nhôm,N/A,100 W,N/A,2024,N/A,,
329111,AMD Ryzen 7 - 8845HS,8,16,3.8GHz,N/A,16 MB,32 GB,N/A,5600 MHz,64 GB,N/A,"16""",N/A,N/A,100% sRGB,350 nits,"Card rời - NVIDIA GeForce RTX 4060, 8 GB",N/A,"1 x USB-C 3.2 (hỗ trợ truyền dữ liệu, Power Delivery 140W và DisplayPort 1.4)",Bluetooth 5.3,Full HD Webcam,AI Chip LA1,Đèn chuyển màu RGB - 4 vùng,Dài 359.7 mm - Rộng 260.5 mm - Dày 21.9 mm,2.3 kg,Vỏ nhựa - nắp lưng bằng kim loại,80 Wh,230 W,N/A,2024,N/A,,
330164,Intel Core i5 Raptor Lake - 13500H,12,16,2.6GHz,N/A,18 MB,N/A,LPDDR5 (Onboard),6400 MHz,Không hỗ trợ nâng cấp,N/A,"14""",2.8K (2880 x 1800) - OLED,90 Hz,100% DCI-P3,N/A,Card tích hợp - Intel Iris Xe Graphics,Acer Purified Voice,"2 x USB Type-C (hỗ trợ USB 4, Thunderbolt 4)",N/A,QHD Webcam,N/A,Đơn sắc - Màu trắng,Dài 312.9 mm - Rộng 217.9 mm - Dày 14.9 mm,1.3 kg,Vỏ kim loại - Nhôm,N/A,100 W,Windows 11 Home SL + Office Home & Student vĩnh viễn,2023,N/A,,
326863,Intel Core 7 Raptor Lake - 150U,10,12,Hãng không công bố,Turbo Boost 5.40 GHz,12 MB,N/A,N/A,5200 MHz,32 GB,N/A,"16""",Full HD+,N/A,45% NTSC,N/A,Card tích hợp - Intel Graphics,Realtek Audio,1 x USB Type-C 3.2 (hỗ trợ Power Delivery và DisplayPort 1.4),Bluetooth 5.3,Full HD Webcam,N/A,Đơn sắc - Màu trắng,Dài 356.78 mm - Rộng 249.52 mm - Dày 17.37 mm,1.98 kg,N/A,N/A,65 W,Windows 11 Home SL + Office Home & Student vĩnh viễn,2024,N/A,,
327898,Intel Core i7 Raptor Lake - 13620H,10,16,2.4GHz,N/A,24 MB,N/A,N/A,4800 MHz,32 GB,"512 GB SSD NVMe PCIe Gen 4 (Có thể tháo ra, lắp thanh khác tối đa 2 TB)","15.6""",N/A,N/A,100% sRGB,N/A,"Card rời - NVIDIA GeForce RTX 4050, 6 GB",N/A,"1 x USB 3.2 Gen 2 Type-C (hỗ trợ DisplayPort, Power delivery, G-SYNC)",N/A,N/A,MUX Switch,Đèn chuyển màu RGB - 1 vùng,Dài 354 mm - Rộng 251 mm - Dày 24.9 mm,2.2 kg,Vỏ nhựa - nắp lưng bằng kim loại,N/A,240 W,N/A,2024,,,
311117,Intel Core i5 Raptor Lake - 13500H,12,16,2.6GHz,N/A,18 MB,N/A,N/A,3200 MHz,24 GB,N/A,"14""",2.8K (2880 x 1800) - OLED 16:10,90 Hz,100% DCI-P3,Thời gian phản hồi 0.2 ms,"Card rời - NVIDIA GeForce RTX 3050, 4 GB",N/A,N/A,Bluetooth 5,N/A,Lớp phủ ASUS Antimicrobial Guard,Đơn sắc - Màu trắng,Dài 317.1 mm - Rộng 222.5 mm - Dày 18.9 mm,1.4 kg,N/A,N/A,90 W,N/A,2023,,Tản nhiệt ASUS IceCool Plus,
328947,Intel Core 7 Raptor Lake - 150U,10,12,Hãng không công bố,Turbo Boost 5.40 GHz,12 MB,N/A,DDR5 2 khe (1 khe 8 GB onboard + 1 khe 8 GB),5200 MHz,24 GB,N/A,"16""",N/A,N/A,,ComfortView Plus,"Card rời - NVIDIA Geforce MX570A, 2 GB",Realtek Audio,1 x USB Type-C 3.2 (hỗ trợ Power Delivery và DisplayPort 1.4),Bluetooth 5.3,Full HD Webcam,N/A,Đơn sắc - Màu trắng,Dài 356.7 mm - Rộng 249.5 mm - Dày 19 mm,1.87 kg,N/A,N/A,65 W,Windows 11 Home SL + Office Home & Student vĩnh viễn,2024,N/A,,
322003,Intel Core i5 Raptor Lake - 1335U,10,12,1.3GHz,N/A,12 MB,N/A,LPDDR5 (Onboard),6400 MHz,Không hỗ trợ nâng cấp,N/A,"14""",N/A,N/A,,N/A,Card tích hợp - Intel Iris Xe Graphics,Acer Purified Voice,N/A,N/A,N/A,N/A,Không có đèn,Dài 318.8 mm - Rộng 225.5 mm - Dày 17.99 mm,1.5 kg,N/A,N/A,,N/A,2023,,,
327899,Intel Core i7 Raptor Lake - 13620H,10,16,2.4GHz,N/A,24 MB,N/A,N/A,4800 MHz,32 GB,"512 GB SSD NVMe PCIe Gen 4 (Có thể tháo ra, lắp thanh khác tối đa 2 TB)","15.6""",N/A,N/A,100% sRGB,N/A,"Card rời - NVIDIA GeForce RTX 4060, 8 GB",N/A,"1 x USB 3.2 Gen 2 Type-C (hỗ trợ DisplayPort, Power delivery, G-SYNC)",N/A,N/A,MUX Switch,Đèn chuyển màu RGB - 1 vùng,Dài 354 mm - Rộng 251 mm - Dày 24.9 mm,2.2 kg,Vỏ nhựa - nắp lưng bằng kim loại,N/A,240 W,N/A,2024,,,
327409,Intel Core i7 Raptor Lake - 1355U,10,12,1.7GHz,N/A,12 MB,N/A,N/A,3200 MHz,32 GB,N/A,"13.3""",N/A,N/A,45% NTSC,N/A,Card tích hợp - Intel UHD Graphics (Iris Xe Graphics chỉ hoạt động với RAM kênh đôi),N/A,1 x Thunderbolt 4 (hỗ trợ display/power delivery),Bluetooth 5.3,N/A,N/A,Đơn sắc - Màu trắng,Dài 306.9 mm - Rộng 208.4 mm - Dày 15.9 mm,1.28 kg,N/A,N/A,65 W,N/A,2023,Smart Card,,
323335,Intel Core i5 Raptor Lake - 1335U,10,12,1.3GHz,N/A,12 MB,N/A,N/A,3200 MHz,64 GB,N/A,"13.3""",N/A,N/A,45% NTSC,N/A,Card tích hợp - Intel UHD Graphics (Iris Xe Graphics chỉ hoạt động với RAM kênh đôi),N/A,1 x Thunderbolt 4 (hỗ trợ display/power delivery),Bluetooth 5.3,N/A,N/A,Đơn sắc - Màu trắng,Dài 306.9 mm - Rộng 208.4 mm - Dày 15.9 mm,1.22 kg,Vỏ kim loại - Nhôm,N/A,65 W,N/A,2023,Smart Card,,
322097,AMD Ryzen 5 - 7535HS,6,12,3.3GHz,Turbo Boost 4.55 GHz,16 MB,N/A,N/A,4800 MHz,64 GB,512 GB SSD NVMe PCIe Gen 4.0,"15.6""",N/A,N/A,45% NTSC,N/A,"Card rời - NVIDIA GeForce RTX 2050, 4 GB",N/A,"1 x USB Type-C (hỗ trợ USB 3.2, DisplayPort)",Bluetooth 5.3,N/A,N/A,Đơn sắc - Màu xanh,Dài 359 mm - Rộng 254 mm - Dày 21.7 mm,1.86 kg,N/A,N/A,120 W,N/A,2024,,Cooler Boost,
322949,AMD Ryzen 7 - 8845HS,8,16,3.8GHz,N/A,16 MB,N/A,N/A,5600 MHz,64 GB,512 GB SSD NVMe PCIe Gen 4.0,"15.6""",N/A,N/A,45% NTSC,N/A,"Card rời - NVIDIA GeForce RTX 4060, 8 GB",N/A,1 x USB 2.0,Bluetooth 5.3,N/A,MUX Switch,Đèn chuyển màu RGB - 4 vùng,Dài 359 mm - Rộng 259 mm - Dày 24.9 mm,2.25 kg,N/A,N/A,200 W,N/A,2024,,Cooler Boost 5,
329112,Intel Core 5 Raptor Lake - 120U,10,12,1.4GHz,N/A,12 MB,N/A,DDR5 2 khe (1 khe 16 GB + 1 khe rời),5200 MHz,32 GB,"512 GB SSD NVMe PCIe 4.0 (Có thể tháo ra, lắp thanh khác tối đa 1 TB)","15.6""",N/A,N/A,45% NTSC,Low Blue Light,Card tích hợp - Intel Graphics,N/A,"1x USB-C 3.2 (hỗ trợ truyền dữ liệu, Power Delivery và DisplayPort 1.2)",N/A,N/A,N/A,Không có đèn,Dài 359.2 mm - Rộng 235.8 mm - Dày 18.3 mm,1.61 kg,N/A,47 Wh,65 W,N/A,2024,,,
322070,Intel Core i5 Alder Lake - 1235U,10,12,1.3GHz,N/A,12 MB,N/A,N/A,2666 MHz,16 GB,Hỗ trợ khe cắm HDD SATA 2.5 inch mở rộng (nâng cấp tối đa 2 TB),"15.6""",N/A,N/A,45% NTSC,N/A,Card tích hợp - Intel UHD Graphics (Iris Xe Graphics chỉ hoạt động với RAM kênh đôi),Realtek Audio,1 x USB 2.0,N/A,N/A,,Không có đèn,Dài 358.5 mm - Rộng 234.9 mm - Dày 17.5 mm,1.85 kg,N/A,N/A,65 W,Windows 11 Home SL + Office Home & Student vĩnh viễn,2023,N/A,,
330163,Intel Core i7 Raptor Lake - 13700H,14,20,2.4GHz,N/A,24 MB,N/A,LPDDR5 (Onboard),6400 MHz,Không hỗ trợ nâng cấp,N/A,"14""",2.8K (2880 x 1800) - OLED,90 Hz,100% DCI-P3,N/A,Card tích hợp - Intel Iris Xe Graphics,Acer Purified Voice,"2 x USB Type-C (hỗ trợ USB 4, Thunderbolt 4)",Bluetooth 5,QHD Webcam,N/A,Đơn sắc - Màu trắng,Dài 312.9 mm - Rộng 217.9 mm - Dày 14.9 mm,1.3 kg,Vỏ kim loại - Nhôm,N/A,100 W,Windows 11 Home SL + Office Home & Student vĩnh viễn,2023,N/A,,
304867,Intel Core i5 Tiger Lake - 11400H,6,12,2.7GHz,N/A,12 MB,N/A,N/A,3200 MHz,32 GB,Hỗ trợ thêm 1 khe cắm SSD M.2 PCIe mở rộng (nâng cấp tối đa 1 TB),"15.6""",N/A,N/A,,N/A,"Card rời - NVIDIA GeForce RTX 2050, 4 GB",DTS software,1 x Thunderbolt 4 (hỗ trợ DisplayPort),N/A,N/A,N/A,Đèn chuyển màu RGB,Dài 359 mm - Rộng 256 mm - Dày 22.8 ~ 24.5 mm,2.3 kg,Vỏ nhựa - nắp lưng bằng kim loại,N/A,,N/A,2023,,2 x Quạt ICP 83 cánh,
315892,AMD Ryzen 7 - 7735HS,8,16,3.2GHz,N/A,16 MB,N/A,N/A,4800 MHz,32 GB,"512 GB SSD NVMe PCIe Gen 4 (Có thể tháo ra, lắp thanh khác tối đa 2 TB)","15.6""",N/A,N/A,100% sRGB,N/A,"Card rời - NVIDIA GeForce RTX 4060, 8 GB",N/A,"1 x USB 3.2 Gen 2 Type-C (hỗ trợ DisplayPort, Power delivery, G-SYNC)",Bluetooth 5.3,N/A,MUX Switch,Đèn chuyển màu RGB - 1 vùng,Dài 354 mm - Rộng 251 mm - Dày 22.4 ~ 24.9 mm,2.2 kg,Vỏ nhựa - nắp lưng bằng kim loại,N/A,240 W,N/A,2023,,Quạt Arc Flow 84 cánh,
305917,Intel Core i7 Alder Lake - 1255U,10,12,1.7GHz,N/A,12 MB,N/A,N/A,3200 MHz,32 GB,N/A,"15.6""",N/A,N/A,,N/A,Card tích hợp - Intel Iris Xe Graphics,N/A,N/A,N/A,N/A,,Không có đèn,Dài 358.5 mm - Rộng 242 mm - Dày 17.9 mm,1.69 kg,N/A,N/A,,N/A,2022,N/A,,
302207,Intel Core i3 Alder Lake - 1215U,6,8,1.2GHz,N/A,10 MB,N/A,N/A,3200 MHz,32 GB,N/A,"15.6""",N/A,N/A,,BrightView,Card tích hợp - Intel UHD Graphics,N/A,N/A,N/A,N/A,,Không có đèn,Dài 360.2 mm - Rộng 234 mm - Dày 17.9 mm,1.74 kg,N/A,N/A,,N/A,2022,,,
323746,Intel Core i5 Raptor Lake - 13420H,8,12,2.1GHz,N/A,12 MB,N/A,N/A,5200 MHz,32 GB,N/A,"15.6""",N/A,N/A,45% NTSC,N/A,"Card rời - NVIDIA GeForce RTX 2050, 4 GB",Acer Purified Voice,"1 x USB Type-C (hỗ trợ USB, DisplayPort, Thunderbolt 4)",N/A,N/A,,Đơn sắc,Dài 362.3 mm - Rộng 239.89 mm - Dày 26.9 mm,2.1 kg,N/A,N/A,135 W,N/A,2023,,2 quạt,
283458,Intel Core i7 Alder Lake - 12700H,14,20,2.30 GHz,N/A,24 MB,N/A,N/A,3200 MHz,32 GB,Hỗ trợ thêm 1 khe cắm SSD M.2 PCIe mở rộng (nâng cấp tối đa 2 TB),"15.6""",N/A,N/A,,N/A,"Card rời - NVIDIA GeForce RTX 3050Ti, 4 GB",N/A,1 x USB Type-C (hỗ trợ cổng Thunderbolt 4),N/A,N/A,MUX Switch,Đèn chuyển màu RGB - 4 vùng,Dài 360.4 mm - Rộng 271.09 mm - Dày 25.9 mm,2.5 kg,N/A,N/A,180 W,N/A,2022,,,
321059,AMD Ryzen 5 - 7535HS,6,12,3.3GHz,Turbo Boost 4.55 GHz,16 MB,N/A,N/A,4800 MHz,32 GB,"512 GB SSD NVMe PCIe 4.0 (Có thể tháo ra, lắp thanh khác tối đa 1 TB)","15.6""",N/A,N/A,100% sRGB,N/A,"Card rời - NVIDIA GeForce RTX 4050, 6 GB",N/A,"1 x USB 3.2 Gen 2 Type-C (hỗ trợ DisplayPort, Power delivery, G-SYNC)",Bluetooth 5.3,N/A,MUX Switch,Đèn chuyển màu RGB - 1 vùng,Dài 354 mm - Rộng 251 mm - Dày 24.9 mm,2.2 kg,Vỏ nhựa - nắp lưng bằng kim loại,N/A,240 W,N/A,2023,,,
329736,Intel Core 5 Raptor Lake - 120U,10,12,1.4GHz,N/A,12 MB,N/A,DDR5 2 khe (1 khe 16 GB + 1 khe rời),5200 MHz,32 GB,"512 GB SSD NVMe PCIe 4.0 (Có thể tháo ra, lắp thanh khác tối đa 1 TB)","14""",N/A,N/A,45% NTSC,N/A,Card tích hợp - Intel Graphics,N/A,1 x USB Type-C 3.2 (hỗ trợ USB Power Delivery và DisplayPort 1.2),N/A,N/A,N/A,Không có đèn,Dài 324.2 mm - Rộng 215.2 mm - Dày 17.9 mm,1.37 kg,N/A,47 Wh,65 W,N/A,2024,,,
318354,Intel Core i5 Raptor Lake - 13420H,8,12,2.1GHz,N/A,12 MB,N/A,N/A,5200 MHz,32 GB,N/A,"15.6""",N/A,N/A,45% NTSC,N/A,"Card rời - NVIDIA GeForce RTX 4050, 6 GB",Spatial Audio,"1 x USB Type-C (hỗ trợ USB, DisplayPort, Thunderbolt 4)",N/A,N/A,,Đơn sắc,Dài 362.3 mm - Rộng 239.89 mm - Dày 22.9 ~ 26.9 mm,2.1 kg,N/A,N/A,135 W,N/A,2023,,2 quạt,
325051,Intel Core Ultra 7 Meteor Lake - 155H,16,22,3.8GHz,N/A,24 MB,N/A,LPDDR5X (Onboard),6400 MHz,Không hỗ trợ nâng cấp,N/A,"14""",2.8K (2880 x 1800),N/A,100% sRGB,N/A,Card tích hợp - Intel Arc Graphics,Acer Purified Voice,"2 x USB Type-C (hỗ trợ USB 4, Thunderbolt 4)",Bluetooth 5.3,QHD Webcam,N/A,Đơn sắc,Dài 312.9 mm - Rộng 217.9 mm - Dày 14.9 mm,1.32 kg,Vỏ kim loại - Nhôm,N/A,100 W,N/A,2024,N/A,,
326280,AMD Ryzen 7 - 8845HS,8,16,3.8GHz,N/A,16 MB,N/A,N/A,5600 MHz,64 GB,N/A,"15.6""",N/A,N/A,45% NTSC,N/A,"Card rời - NVIDIA GeForce RTX 4070, 8 GB",N/A,1 x USB 2.0,Bluetooth 5.3,N/A,MUX Switch,Đèn chuyển màu RGB - 4 vùng,Dài 359 mm - Rộng 259 mm - Dày 24.9 mm,2.25 kg,N/A,N/A,200 W,N/A,2024,,,
330075,Intel Core i5 Alder Lake - 1235U,10,12,1.3GHz,N/A,12 MB,N/A,N/A,2666 MHz,16 GB,Hỗ trợ khe cắm HDD SATA (nâng cấp tối đa 2 TB),"15.6""",N/A,N/A,,N/A,Card tích hợp - Intel UHD Graphics (Iris Xe Graphics chỉ hoạt động với RAM kênh đôi),Realtek Audio,1 x USB 2.0,N/A,N/A,,Không có đèn,Dài 358.5 mm - Rộng 235.56 mm - Dày 18.99 mm,1.9 kg,N/A,N/A,65 W,Windows 11 Home SL + Office Home & Student vĩnh viễn,2024,N/A,,
320434,Intel Core i7 Raptor Lake - 13620H,10,16,2.4GHz,N/A,24 MB,N/A,N/A,4800 MHz,32 GB,"512 GB SSD NVMe PCIe Gen 4 (Có thể tháo ra, lắp thanh khác tối đa 2 TB)","15.6""",N/A,N/A,100% sRGB,N/A,"Card rời - NVIDIA GeForce RTX 4050, 6 GB",N/A,"1 x USB 3.2 Gen 2 Type-C (hỗ trợ DisplayPort, Power delivery, G-SYNC)",N/A,N/A,MUX Switch,Đèn chuyển màu RGB - 1 vùng,Dài 354 mm - Rộng 251 mm - Dày 24.9 mm,2.2 kg,Vỏ nhựa - nắp lưng bằng kim loại,N/A,240 W,N/A,2023,,,
325504,Intel Core i7 Raptor Lake - 13650HX,14,20,2.6GHz,N/A,24 MB,N/A,DDR5 2 khe (1 khe 16 GB + 1 khe rời),4800 MHz,32 GB,"512 GB SSD NVMe PCIe 4.0 (Có thể tháo ra, lắp thanh khác tối đa 1 TB)","15.6""",N/A,N/A,100% sRGB,N/A,"Card rời - NVIDIA GeForce RTX 4050, 6 GB",N/A,"1 x USB-C 3.2 (hỗ trợ truyền dữ liệu, Power Delivery 140W và DisplayPort 1.4)",N/A,Full HD Webcam,AI Chip LA1,Đèn chuyển màu RGB - 4 vùng,Dài 359.86 mm - Rộng 258.7 mm - Dày 23.9 mm,2.38 kg,N/A,60 Wh,170 W,N/A,2023,,,
327903,Intel Core i5 Alder Lake - 1235U,10,12,1.3GHz,N/A,12 MB,N/A,N/A,3200 MHz,64 GB,512 GB SSD NVMe PCIe Gen 4.0,"15.6""",N/A,N/A,45% NTSC,N/A,Card tích hợp - Intel Iris Xe Graphics,Realtek Audio,1 x USB Type-C 3.2 (hỗ trợ Power Delivery và DisplayPort),Bluetooth 5.3,Full HD Webcam,N/A,Không có đèn,Dài 359 mm - Rộng 240 mm - Dày 20.44 mm,1.81 kg,N/A,N/A,65 W,N/A,2023,,,
328443,AMD Ryzen 5 - 7640HS,6,12,4.30 GHz,N/A,16 MB,N/A,N/A,5600 MHz,32 GB,N/A,"16.1""",N/A,N/A,45% NTSC,N/A,"Card rời - NVIDIA GeForce RTX 3050, 6 GB",Audio by B&O,1 x Headphone/microphone combo,Bluetooth 5.3,Full HD Webcam,N/A,Đèn chuyển màu RGB - 1 vùng,Dài 369 mm - Rộng 259.4 mm - Dày 22.9 mm,2.31 kg,N/A,N/A,200 W,N/A,2024,,,
313978,Intel Core i3 Raptor Lake - 1315U,6,8,1.2GHz,N/A,10 MB,N/A,N/A,3200 MHz,16 GB,N/A,"15.6""",N/A,N/A,45% NTSC,N/A,Card tích hợp - Intel UHD Graphics,Audio by B&O,"1 x USB Type-C (hỗ trợ USB Power Delivery, DisplayPort 1.4)",N/A,N/A,,Không có đèn,Dài 360.2 mm - Rộng 234 mm - Dày 18 mm,1.68 kg,Vỏ kim loại - Nắp lưng bằng nhựa,N/A,45 W,N/A,2023,,,
315906,Intel Core i5 Raptor Lake - 1335U,10,12,1.3GHz,N/A,12 MB,N/A,N/A,3200 MHz,32 GB,N/A,"15.6""",N/A,N/A,45% NTSC,N/A,Card tích hợp - Intel UHD Graphics (Iris Xe Graphics chỉ hoạt động với RAM kênh đôi),N/A,2 x USB Type-A,Bluetooth 5.3,N/A,N/A,Đơn sắc - Màu trắng,Dài 359.4 mm - Rộng 233.9 mm - Dày 19.9 mm,1.79 kg,N/A,N/A,65 W,N/A,2023,,,
326059,AMD Ryzen 5 - 7640HS,6,12,4.30 GHz,N/A,16 MB,N/A,N/A,5600 MHz,32 GB,N/A,"16.1""",N/A,N/A,45% NTSC,N/A,"Card rời - NVIDIA GeForce RTX 3050, 6 GB",Audio by B&O,1 x Headphone/microphone combo,Bluetooth 5.3,Full HD Webcam,N/A,Đèn chuyển màu RGB - 1 vùng,Dài 369 mm - Rộng 259.4 mm - Dày 23.9 mm,2.31 kg,N/A,N/A,200 W,N/A,2024,,,
322099,Intel Core Ultra 7 Meteor Lake - 155H,16,22,1.4GHz,N/A,24 MB,N/A,N/A,5600 MHz,96 GB,512 GB SSD NVMe PCIe Gen 4.0,"15.6""",N/A,N/A,45% NTSC,N/A,"Card rời - NVIDIA GeForce RTX 4050, 6 GB",N/A,"1 x USB Type-C (hỗ trợ USB 3.2, DisplayPort)",Bluetooth 5.3,N/A,,Đèn chuyển màu RGB - 4 vùng,Dài 359.36 mm - Rộng 250.34 mm - Dày 22.9 mm,1.98 kg,N/A,N/A,120 W,N/A,2024,,Cooler Boost,
328951,Intel Core i5 Alder Lake - 12500H,12,16,2.5GHz,N/A,18 MB,N/A,N/A,3200 MHz,Không hỗ trợ nâng cấp,512 GB SSD NVMe PCIe Gen 4.0,"16""",N/A,N/A,45% NTSC,N/A,"Card rời - NVIDIA GeForce RTX 4050, 6 GB",N/A,1 x Thunderbolt 4 (hỗ trợ display/power delivery),Bluetooth 5.3,N/A,Lớp phủ ASUS Antimicrobial Guard,Đơn sắc - Màu trắng,Dài 358.6 mm - Rộng 249.1 mm - Dày 18.9 mm,1.8 kg,N/A,"3-cell Li-ion, 70 Wh",120 W,N/A,2024,N/A,,
309305,Intel Core i7 Raptor Lake - 1355U,10,12,1.7GHz,N/A,12 MB,N/A,LPDDR5 (Onboard),4800 MHz,Không hỗ trợ nâng cấp,N/A,"14""",N/A,N/A,,ComfortView Plus,Card tích hợp - Intel Iris Xe Graphics,Waves MaxxAudio Pro,2 x Thunderbolt 4 (hỗ trợ Power Delivery),N/A,Full HD Webcam,Màn hình gập 360 độ,Đơn sắc - Màu trắng,Dài 314 mm - Rộng 226.56 mm - Dày 15.54 ~ 17.47 mm,1.62 kg,N/A,N/A,65 W,Windows 11 Home SL + Office Home & Student vĩnh viễn,2023,N/A,,N/A
314841,Intel Core i7 Raptor Lake - 1355U,10,12,1.7GHz,N/A,12 MB,N/A,N/A,3200 MHz,16 GB,N/A,"15.6""",N/A,N/A,,N/A,Card rời - NVIDIA GeForce MX550 2 GB,Realtek Audio,1 x USB 2.0,Bluetooth 5.3,N/A,N/A,Đơn sắc - Màu trắng,Dài 358.5 mm - Rộng 234.9 mm - Dày 17.5 mm,1.65 kg,N/A,N/A,65 W,Windows 11 Home SL + Office Home & Student vĩnh viễn,2023,N/A,,
310803,Intel Core i5 Alder Lake - 12500H,12,16,2.5GHz,N/A,18 MB,N/A,N/A,3200 MHz,32 GB,Hỗ trợ thêm 1 khe cắm SSD M.2 PCIe mở rộng (nâng cấp tối đa 1 TB),"15.6""",N/A,N/A,62.5% sRGB,N/A,"Card rời - NVIDIA GeForce RTX 3050, 4 GB",N/A,1 x USB Type-C 3.2 (hỗ trợ DisplayPort / G-SYNC),N/A,N/A,MUX Switch,Đèn chuyển màu RGB - 1 vùng,Dài 354 mm - Rộng 251 mm - Dày 22.4 ~ 24.9 mm,2.2 kg,Vỏ nhựa - nắp lưng bằng kim loại,N/A,200 W,N/A,2023,,Quạt Arc Flow 84 cánh,
315908,Intel Core i7 Raptor Lake - 1355U,10,12,1.7GHz,N/A,12 MB,N/A,N/A,3200 MHz,32 GB,N/A,"15.6""",N/A,N/A,45% NTSC,N/A,Card tích hợp - Intel UHD Graphics (Iris Xe Graphics chỉ hoạt động với RAM kênh đôi),N/A,2 x USB Type-A,Bluetooth 5.3,N/A,N/A,Đơn sắc - Màu trắng,Dài 359.4 mm - Rộng 233.9 mm - Dày 19.9 mm,1.79 kg,N/A,N/A,65 W,N/A,2023,,,
315909,Intel Core i7 Raptor Lake - 1355U,10,12,1.7GHz,N/A,12 MB,N/A,N/A,3200 MHz,32 GB,N/A,"13.3""",N/A,N/A,45% NTSC,N/A,Card tích hợp - Intel UHD Graphics (Iris Xe Graphics chỉ hoạt động với RAM kênh đôi),N/A,1 x Thunderbolt 4 (hỗ trợ display/power delivery),Bluetooth 5.3,N/A,N/A,Đơn sắc - Màu trắng,Dài 306.9 mm - Rộng 208.4 mm - Dày 15.9 mm,1.22 kg,N/A,N/A,65 W,N/A,2023,Smart Card,,
321468,Intel Core Ultra 7 Meteor Lake - 155H,16,22,1.4GHz,N/A,24 MB,32 GB,LPDDR5X (Onboard),4800 MHz,32 GB,N/A,"14""",2.8K (2880 x 1800) - OLED 16:10,N/A,100% DCI-P3,Thời gian phản hồi 0.2 ms,Card tích hợp - Intel Arc Graphics,N/A,"2 x Thunderbolt 4 (hỗ trợ Power Delivery, DisplayPort)",Bluetooth 5.3,Full HD Webcam,N/A,Đơn sắc - Màu trắng,Dài 312.4 mm - Rộng 220.1 mm - Dày 14.9 mm,1.2 kg,Vỏ kim loại - Nhôm,"4-cell Li-ion, 75 Wh",65 W,N/A,2023,,,
315952,Intel Core i5 Raptor Lake - 1335U,10,12,1.3GHz,N/A,12 MB,N/A,N/A,2666 MHz,16 GB,Hỗ trợ khe cắm HDD SATA 2.5 inch mở rộng (nâng cấp tối đa 1 TB),"15.6""",N/A,N/A,45% NTSC,N/A,Card tích hợp - Intel Iris Xe Graphics,Realtek Audio,1 x USB 2.0,Bluetooth 5.3,N/A,,Không có đèn,Dài 358.5 mm - Rộng 235.56 mm - Dày 18.99 mm,1.66 kg,N/A,N/A,65 W,Windows 11 Home SL + Office Home & Student vĩnh viễn,2023,N/A,1 x Quạt,
310606,Intel Core i7 Raptor Lake - 13620H,10,16,2.4GHz,N/A,24 MB,N/A,N/A,5200 MHz,64 GB,N/A,"15.6""",N/A,N/A,45% NTSC,N/A,"Card rời - NVIDIA GeForce RTX 4070, 8 GB",N/A,1 x USB 2.0,N/A,N/A,MUX Switch,Đèn chuyển màu RGB - 4 vùng,Dài 359 mm - Rộng 259 mm - Dày 24.9 mm,2.25 kg,N/A,N/A,200 W,N/A,2023,,2 quạt,
328125,Intel Core i7 Raptor Lake - 1355U,10,12,1.7GHz,N/A,12 MB,32 GB,LPDDR5X (Onboard),4800 MHz,Không hỗ trợ nâng cấp,N/A,"14""",N/A,N/A,100% sRGB,N/A,Card tích hợp - Intel Iris Xe Graphics,N/A,1 x Headphone/microphone combo,Bluetooth 5.3,Camera 5.0 MP,Security Guard,Đơn sắc - Màu trắng,Dài 317.5 mm - Rộng 226.9 mm - Dày 16.9 mm,1.48 kg,Vỏ kim loại - Nhôm,N/A,65 W,Windows 11 Pro,2023,,,N/A
329429,Intel Core i5 Raptor Lake - 13500H,12,16,2.6GHz,N/A,18 MB,N/A,N/A,5200 MHz,32 GB,512 GB SSD NVMe PCIe Gen 4.0,"16.1""",N/A,N/A,45% NTSC,N/A,"Card rời - NVIDIA GeForce RTX 3050, 6 GB",Audio by B&O,1 x Headphone/microphone combo,Bluetooth 5.3,HP True Vision 1080p FHD camera,N/A,Đèn chuyển màu RGB - 1 vùng,Dài 369 mm - Rộng 259.4 mm - Dày 23.9 mm,2.31 kg,N/A,N/A,200 W,N/A,2024,,,
327408,Intel Core i7 Raptor Lake - 1355U,10,12,1.7GHz,N/A,12 MB,N/A,N/A,3200 MHz,32 GB,N/A,"15.6""",N/A,N/A,45% NTSC,N/A,Card tích hợp - Intel UHD Graphics (Iris Xe Graphics chỉ hoạt động với RAM kênh đôi),N/A,1 x Headphone/microphone combo,Bluetooth 5.3,N/A,N/A,Đơn sắc - Màu trắng,Dài 359.4 mm - Rộng 233.9 mm - Dày 19.9 mm,1.72 kg,N/A,N/A,65 W,N/A,2023,,,
323583,AMD Ryzen 7 - 7840HS,8,16,3.8GHz,N/A,16 MB,32 GB,N/A,5600 MHz,64 GB,512 GB SSD NVMe PCIe Gen 4.0,"16.1""",N/A,N/A,45% NTSC,N/A,"Card rời - NVIDIA GeForce RTX 4060, 8 GB",Audio by B&O,"1 x USB Type-C (hỗ trợ USB Power Delivery, DisplayPort 1.4)",Bluetooth 5.3,Full HD Webcam,N/A,Đèn chuyển màu RGB - 1 vùng,Dài 369 mm - Rộng 259.4 mm - Dày 23.9 mm,2.33 kg,N/A,N/A,230 W,N/A,2023,,,
326829,AMD Ryzen 7 - 8840HS,8,16,3.3GHz,N/A,16 MB,N/A,LPDDR5 (Onboard),6400 MHz,Không hỗ trợ nâng cấp,512 GB SSD NVMe PCIe Gen 4.0,"14""",2.8K (2880 x 1800) - OLED 16:10,N/A,100% DCI-P3,Thời gian phản hồi 0.2 ms,Card tích hợp - AMD Radeon Graphics,N/A,2 x USB Type-A,Bluetooth 5.3,Camera IR 5 MP,Màn hình gập 360 độ,Đơn sắc - Màu trắng,Dài 313.3 mm - Rộng 218.9 mm - Dày 16.9 mm,1.39 kg,N/A,"3-cell Li-ion, 59 Wh",65 W,N/A,2024,,,N/A
321191,Intel Core i5 Alder Lake - 1235U,10,12,1.3GHz,N/A,12 MB,N/A,N/A,2666 MHz,16 GB,Hỗ trợ khe cắm HDD SATA (nâng cấp tối đa 2 TB),"15.6""",N/A,N/A,,N/A,Card tích hợp - Intel Iris Xe Graphics,Realtek Audio,1 x USB 2.0,N/A,N/A,,Không có đèn,Dài 358.5 mm - Rộng 235.56 mm - Dày 18.99 mm,1.9 kg,N/A,N/A,65 W,Windows 11 Home SL + Office Home & Student vĩnh viễn,2022,N/A,,
322098,AMD Ryzen 7 - 8845HS,8,16,3.8GHz,N/A,16 MB,N/A,N/A,5600 MHz,64 GB,512 GB SSD NVMe PCIe Gen 4.0,"15.6""",N/A,N/A,45% NTSC,N/A,"Card rời - NVIDIA GeForce RTX 4050, 6 GB",N/A,1 x USB 2.0,Bluetooth 5.3,N/A,MUX Switch,Đèn chuyển màu RGB - 4 vùng,Dài 359 mm - Rộng 259 mm - Dày 24.9 mm,2.25 kg,N/A,N/A,200 W,N/A,2024,,Cooler Boost 5,
328600,Intel Core Ultra 9 Meteor Lake - 185H,16,22,2.30 GHz,N/A,24 MB,32 GB,N/A,5600 MHz,64 GB,N/A,"16""",WQXGA+ (2560 x 1600) - OLED 16:10,N/A,100% DCI-P3,N/A,"Card rời - NVIDIA GeForce RTX 4070, 8 GB",Hệ thống âm thanh 6 loa,"1 x USB Type-C (hỗ trợ USB, DisplayPort, Thunderbolt 4)",Wi-Fi 7 (802.11be),Full HD Webcam,N/A,Đèn chuyển màu RGB - Per-Key,Dài 355.8 mm - Rộng 259.7 mm - Dày 19.95 mm,1.99 kg,Vỏ nhựa - nắp lưng bằng kim loại,N/A,280 W,N/A,2024,N/A,Cooler Boost 5,
328134,Intel Core Ultra 5 Meteor Lake - 125U,12,14,1.3GHz,N/A,12 MB,N/A,LPDDR5X (Onboard),6400 MHz,Không hỗ trợ nâng cấp,"512 GB SSD NVMe PCIe Gen 4 (Có thể tháo ra, lắp thanh khác tối đa 2 TB)","13.3""",N/A,N/A,100% sRGB,N/A,Card tích hợp - Intel Graphics,N/A,1 x Headphone/microphone combo,Bluetooth 5.3,Camera 5.0 MP,N/A,Đơn sắc - Màu trắng,Dài 301.7 mm - Rộng 214.8 mm - Dày 15.95 mm,1.17 kg,N/A,54.7 Wh,65 W,Windows 11 Pro,2024,,,
327896,AMD Ryzen 7 - 7435HS,8,16,3.1GHz,N/A,16 MB,N/A,N/A,4800 MHz,32 GB,"512 GB SSD NVMe PCIe Gen 4 (Có thể tháo ra, lắp thanh khác tối đa 2 TB)","15.6""",N/A,N/A,100% sRGB,N/A,"Card rời - NVIDIA GeForce RTX 4060, 8 GB",N/A,"1 x USB 3.2 Gen 2 Type-C (hỗ trợ DisplayPort, Power delivery, G-SYNC)",Bluetooth 5.3,N/A,MUX Switch,Đèn chuyển màu RGB - 1 vùng,Dài 354 mm - Rộng 251 mm - Dày 24.9 mm,2.2 kg,N/A,N/A,240 W,N/A,2024,,,
309243,Intel Core i5 Raptor Lake - 1335U,10,12,1.3GHz,N/A,12 MB,N/A,N/A,2666 MHz,16 GB,Hỗ trợ khe cắm HDD SATA (nâng cấp tối đa 2 TB),"15.6""",N/A,N/A,,N/A,Card tích hợp - Intel UHD Graphics (Iris Xe Graphics chỉ hoạt động với RAM kênh đôi),Realtek Audio,1 x USB 2.0,N/A,N/A,,Không có đèn,Dài 358.5 mm - Rộng 235.56 mm - Dày 16.96 ~ 18.99 mm,1.66 kg,N/A,N/A,65 W,Windows 11 Home SL + Office Home & Student vĩnh viễn,2023,N/A,,
313974,AMD Ryzen 7 - 7840HS,8,16,3.8GHz,N/A,16 MB,N/A,N/A,5600 MHz,32 GB,N/A,"16.1""",N/A,N/A,45% NTSC,N/A,"Card rời - NVIDIA GeForce RTX 3050, 6 GB",Audio by B&O,"1 x USB Type-C (hỗ trợ USB Power Delivery, DisplayPort 1.4)",Bluetooth 5.3,Full HD Webcam,N/A,Đèn chuyển màu RGB - 1 vùng,Dài 369 mm - Rộng 259.4 mm - Dày 23.9 mm,2.34 kg,N/A,N/A,200 W,N/A,2023,,,
284343,Intel Core i5 Alder Lake - 12450H,8,12,2GHz,N/A,12 MB,N/A,N/A,4800 MHz,32 GB,N/A,"15.6""",N/A,N/A,,N/A,"Card rời - NVIDIA GeForce RTX 3050Ti, 4 GB",Hi-Res certification,Thunderbolt 4,N/A,N/A,MUX Switch,Đơn sắc - Màu trắng,Dài 354 mm - Rộng 251 mm - Dày 20.7 mm,2 kg,Vỏ nhựa - nắp lưng bằng kim loại,N/A,180 W,N/A,2022,,Quạt Arc Flow 84 cánh,
329334,AMD Ryzen AI 9 - HX 370,12,24,2GHz,N/A,24 MB,32 GB,LPDDR5X (Onboard),7500 MHz,Không hỗ trợ nâng cấp,N/A,"14""",2.8K (2880 x 1800) - OLED 16:10,N/A,100% DCI-P3,Chuẩn DisplayHDR True Black 600,Card tích hợp - AMD Radeon Graphics,N/A,1 x USB Type-C USB 4 (hỗ trợ DisplayPort và Power Delivery),Bluetooth 5.3,Full HD Webcam,N/A,Đèn chuyển màu RGB - 1 vùng,Dài 310.5 mm - Rộng 221.9 mm - Dày 13.9 mm,1.3 kg,Vỏ kim loại - Nhôm,"4-cell Li-ion, 75 Wh",90 W,Windows 11 Home SL + Microsoft 365 Personal,2024,N/A,,
327902,Intel Core i7 Raptor Lake - 1355U,10,12,1.7GHz,N/A,12 MB,N/A,N/A,3200 MHz,64 GB,512 GB SSD NVMe PCIe Gen 4.0,"14""",N/A,N/A,45% NTSC,N/A,Card tích hợp - Intel Iris Xe Graphics,Realtek Audio,1 x USB Type-C 3.2 (hỗ trợ Power Delivery và DisplayPort),Bluetooth 5.3,Full HD Webcam,N/A,Không có đèn,Dài 359 mm - Rộng 240 mm - Dày 20.44 mm,1.6 kg,N/A,N/A,65 W,N/A,2023,,,
328597,Intel Core Ultra 9 Meteor Lake - 185H,16,22,2.30 GHz,N/A,24 MB,64 GB,N/A,5600 MHz,96 GB,N/A,"18""",N/A,N/A,100% DCI-P3,Mini LED,"Card rời - NVIDIA GeForce RTX 4080, 12 GB",Hệ thống âm thanh 6 loa,"1 x USB Type-C (hỗ trợ USB 3.2, DisplayPort)",Wi-Fi 7 (802.11be),Full HD Webcam,Mystic Light,Đèn chuyển màu RGB - Per-Key,Dài 399.99 mm - Rộng 289.67 mm - Dày 23.99 mm,2.89 kg,Nắp lưng và Chiếu nghỉ tay bằng hợp kim Nhôm-Magie,N/A,280 W,N/A,2024,N/A,Vapor Chamber Cooler,
318228,Apple M3 - Hãng không công bố,8,Hãng không công bố,100GB/s,Hãng không công bố,Hãng không công bố,N/A,Hãng không công bố,Hãng không công bố,Không hỗ trợ nâng cấp,N/A,"14.2""",Liquid Retina XDR display (3024 x 1964),up to 120 Hz,,"Độ sáng XDR: toàn màn hình 1000 nits, cao nhất 1600 nits (chỉ nội dung HDR)",Card tích hợp - 10 nhân GPU,Hệ thống âm thanh 6 loa,MagSafe 3,Bluetooth 5.3,1080p FaceTime HD camera,N/A,Đơn sắc - Màu trắng,Dài 312.6 mm - Rộng 221.2 mm - Dày 15.5 mm,1.55 kg,Vỏ nhôm tái chế 100%,Lên đến 22 giờ,70 W,macOS Sonoma,2023,N/A,,
327907,Intel Core Ultra 7 Meteor Lake - 155H,16,22,Hãng không công bố,N/A,24 MB,N/A,LPDDR5X (Onboard),7467 MHz,Không hỗ trợ nâng cấp,N/A,"13.4""",N/A,N/A,,Anti-Reflective,Card tích hợp - Intel Arc Graphics,Realtek Audio,2 x Thunderbolt 4 (hỗ trợ Power Delivery),Wi-Fi 7 (802.11be),N/A,N/A,Đơn sắc - Màu trắng,Dài 295.3 mm - Rộng 199 mm - Dày 15.3 mm,1.17 kg,Hợp kim Nhôm-Carbon,"3-cell, 55 Wh",60 W,Windows 11 Home SL + Office Home & Student vĩnh viễn,2024,,,N/A
329789,Intel Core Ultra 7 Meteor Lake - 155H,16,22,3.8GHz,N/A,24 MB,32 GB,N/A,5600 MHz,32 GB,"1 TB SSD NVMe PCIe Gen 4 x 4 (Có thể tháo ra, lắp thanh khác nâng cấp tối đa 4 TB)","14""",2.8K (2880 x 1800),N/A,100% DCI-P3,N/A,"Card rời - NVIDIA GeForce RTX 4050, 6 GB",N/A,1x Headphone-out,Wi-Fi 7 (802.11be),Full HD Webcam,N/A,Đơn sắc - Màu trắng,Dài 313.4 mm - Rộng 246.5 mm - Dày 18.95 mm,1.7 kg,Vỏ nhựa - nắp lưng bằng kim loại,N/A,140 W,N/A,2024,,,
329851,Intel Core 5 Raptor Lake - 120U,10,12,1.4GHz,N/A,12 MB,N/A,N/A,5200 MHz,16 GB,N/A,"14""",Full HD+,N/A,45% NTSC,Display with ComfortView,Card tích hợp - Intel Graphics,Realtek Audio,1 x USB Type-C 3.2 (hỗ trợ Power Delivery và DisplayPort 1.4),Bluetooth 5.3,Full HD Webcam,Màn hình gập 360 độ,Đơn sắc - Màu trắng,Dài 314 mm - Rộng 226.15 mm - Dày 18.9 mm,1.74 kg,N/A,N/A,65 W,Windows 11 Home SL + Office Home & Student vĩnh viễn,,N/A,,N/A
329852,Intel Core 7 Raptor Lake - 150U,10,12,Hãng không công bố,Turbo Boost 5.40 GHz,12 MB,N/A,N/A,5200 MHz,16 GB,N/A,"14""",Full HD+,N/A,45% NTSC,Display with ComfortView,Card tích hợp - Intel Graphics,Realtek Audio,1 x USB Type-C 3.2 (hỗ trợ Power Delivery và DisplayPort 1.4),Bluetooth 5.3,Full HD Webcam,Màn hình gập 360 độ,Đơn sắc - Màu trắng,Dài 314 mm - Rộng 226.15 mm - Dày 18.9 mm,1.71 kg,N/A,"4-cell, 64 Wh",65 W,Windows 11 Home SL + Office Home & Student vĩnh viễn,2024,N/A,,N/A
327897,AMD Ryzen 7 - 8845HS,8,16,3.8GHz,N/A,16 MB,N/A,N/A,4800 MHz,32 GB,"512 GB SSD NVMe PCIe Gen 4 (Có thể tháo ra, lắp thanh khác tối đa 2 TB)","15.6""",N/A,N/A,100% sRGB,N/A,"Card rời - NVIDIA GeForce RTX 4060, 8 GB",N/A,"1 x USB 3.2 Gen 2 Type-C (hỗ trợ DisplayPort, Power delivery, G-SYNC)",Bluetooth 5.3,N/A,MUX Switch,Đèn chuyển màu RGB - 1 vùng,Dài 354 mm - Rộng 251 mm - Dày 24.9 mm,2.2 kg,N/A,N/A,240 W,N/A,2024,,,
325002,Intel Core i7 Raptor Lake - 13700H,14,20,Hãng không công bố,N/A,24 MB,N/A,N/A,5200 MHz,Hãng không công bố,N/A,"16.1""",N/A,N/A,45% NTSC,N/A,"Card rời - NVIDIA GeForce RTX 4060, 8 GB",Audio by B&O,"1 x USB Type-C (hỗ trợ USB Power Delivery, DisplayPort 1.4)",Bluetooth 5.3,Full HD Webcam,N/A,Đèn chuyển màu RGB - 1 vùng,Dài 369 mm - Rộng 259.4 mm - Dày 23.9 mm,2.33 kg,N/A,N/A,230 W,N/A,20,,,
326864,Intel Core 7 Raptor Lake - 150U,10,12,Hãng không công bố,Turbo Boost 5.40 GHz,12 MB,N/A,N/A,5200 MHz,32 GB,N/A,"16""",N/A,N/A,100% sRGB,N/A,"Card rời - NVIDIA Geforce MX570A, 2 GB",Realtek Audio,1 x USB Type-C 3.2 (hỗ trợ Power Delivery và DisplayPort 1.4),Bluetooth 5.3,Full HD Webcam,N/A,Đơn sắc - Màu trắng,Dài 356.78 mm - Rộng 249.52 mm - Dày 17.37 mm,1.87 kg,N/A,N/A,65 W,Windows 11 Home SL + Office Home & Student vĩnh viễn,2024,N/A,,
330165,Intel Core i5 Raptor Lake - 1334U,10,12,1.3GHz,N/A,12 MB,N/A,N/A,2666 MHz,16 GB,N/A,"15.6""",N/A,N/A,,N/A,Card tích hợp - Intel Iris Xe Graphics,N/A,1 x USB 2.0,N/A,N/A,N/A,Không có đèn,Dài 358.5 mm - Rộng 235.6 mm - Dày 19 mm,1.65 kg,N/A,N/A,65 W,Windows 11 Home SL + Office Home & Student vĩnh viễn,2024,N/A,,
326833,Intel Core Ultra 7 Meteor Lake - 155U,12,14,1.7GHz,N/A,12 MB,32 GB,LPDDR5 (Onboard),6400 MHz,Không hỗ trợ nâng cấp,N/A,"14""",2.8K (2880 x 1800) - OLED 16:10,N/A,100% DCI-P3,Thời gian phản hồi 0.2 ms,Card tích hợp - Intel Graphics,N/A,"1 x USB Type-C (USB Power Delivery, DisplayPort 2.1)",Bluetooth 5.3,Camera IR 5 MP,Màn hình gập 360 độ,Đơn sắc - Màu trắng,Dài 313.3 mm - Rộng 218.9 mm - Dày 16.9 mm,1.39 kg,N/A,"3-cell Li-ion, 59 Wh",65 W,N/A,2024,,,N/A
325241,Intel Core i5 Raptor Lake - 1335U,10,12,Hãng không công bố,N/A,12 MB,N/A,N/A,2666 MHz,Không hỗ trợ nâng cấp,Hỗ trợ khe cắm HDD SATA 2.5 inch mở rộng (nâng cấp tối đa 1 TB),"15.6""",N/A,N/A,45% NTSC,N/A,Card tích hợp - Intel Iris Xe Graphics,Realtek Audio,1 x USB 2.0,Bluetooth 5.3,N/A,,Không có đèn,Dài 358.5 mm - Rộng 235.56 mm - Dày 18.99 mm,1.66 kg,N/A,N/A,65 W,Windows 11 Home SL + Office Home & Student vĩnh viễn,2023,N/A,,
328236,Snapdragon X Elite - X1E 78 100,12,12,Hãng không công bố,N/A,42 MB,32 GB,LPDDR5X (Onboard),8448 MHz,Không hỗ trợ nâng cấp,N/A,"15.6""",2.8K (2880 x 1620) - OLED,N/A,100% DCI-P3,Thời gian phản hồi 0.2 ms,Card tích hợp - Qualcomm Adreno GPU,N/A,"2 x USB Type-C with USB 4.0 (hỗ trợ DisplayPort, Power Delivery)",Wi-Fi 7 (802.11be),Full HD Webcam,N/A,Đèn chuyển màu RGB - 1 vùng,Dài 352.6 mm - Rộng 226.9 mm - Dày 15.9 mm,1.42 kg,N/A,"3-cell Li-ion, 70 Wh",90 W,N/A,2024,N/A,,
325583,Intel Core i7 Raptor Lake - 14700HX,20,28,Hãng không công bố,Turbo Boost 5.50 GHz,33 MB,32 GB,N/A,5600 MHz,96 GB,Hỗ trợ thêm 1 khe SSD NVMe PCIe Gen 5,"16""",QHD+ (2560 x 1600) 16:10,N/A,100% DCI-P3,N/A,"Card rời - NVIDIA GeForce RTX 4060, 8 GB",2 x 2W Speaker,"1 x USB Type-C (hỗ trợ USB, Power Delivery và DisplayPort)",Bluetooth 5.3,N/A,N/A,Đơn sắc - Màu trắng,Dài 359 mm - Rộng 266.44 mm - Dày 21.81 mm,2.38 kg,N/A,"4-cell, 65Wh",180 W,N/A,2024,,2 quạt,
327901,Intel Core i9 Raptor Lake - 13900HX,24,32,3.90 GHz,Turbo Boost 5.40 GHz,36 MB,N/A,N/A,4800 MHz,32 GB,"1 TB SSD M.2 PCIe Gen 4 (Có thể tháo ra, lắp thanh khác tối đa 2 TB)","15.6""",N/A,N/A,100% sRGB,ComfortView Plus,"Card rời - NVIDIA GeForce RTX 4060, 8 GB",Realtek Audio,1 x USB Type-C (hỗ trợ DisplayPort),N/A,N/A,,Đèn chuyển màu RGB - 4 vùng,Dài 357.26 mm - Rộng 274.52 mm - Dày 26.15 mm,2.81 kg,N/A,"6-cell Li-ion, 86 Wh",330 W,Windows 11 Home SL + Office Home & Student vĩnh viễn,2024,,,
326824,Intel Core Ultra 7 Meteor Lake - 155U,12,14,1.7GHz,N/A,12 MB,N/A,LPDDR5 (Onboard),6400 MHz,Không hỗ trợ nâng cấp,N/A,"14""",2.8K (2880 x 1800) - OLED 16:10,N/A,100% DCI-P3,Thời gian phản hồi 0.2 ms,Card tích hợp - Intel Graphics,N/A,2 x USB Type-A,Bluetooth 5.3,Camera IR 5 MP,Màn hình gập 360 độ,Đơn sắc - Màu trắng,Dài 313.3 mm - Rộng 218.9 mm - Dày 16.9 mm,1.39 kg,N/A,"3-cell Li-ion, 59 Wh",65 W,N/A,2024,,,N/A
327401,Intel Core i7 Raptor Lake - 13620H,10,16,2.4GHz,N/A,24 MB,N/A,N/A,5200 MHz,64 GB,512 GB SSD NVMe PCIe Gen 4.0,"15.6""",N/A,N/A,45% NTSC,N/A,"Card rời - NVIDIA GeForce RTX 4060, 8 GB",2 x 2W Speaker,"1 x USB Type-C (hỗ trợ USB 3.2, DisplayPort)",Bluetooth 5.3,N/A,,Đèn chuyển màu RGB - 4 vùng,Dài 359.36 mm - Rộng 250.34 mm - Dày 22.9 mm,1.98 kg,Vỏ nhựa - nắp lưng bằng kim loại,N/A,120 W,N/A,2024,,Cooler Boost,
326268,Intel Core Ultra 7 Meteor Lake - 155H,16,22,Hãng không công bố,N/A,24 MB,32 GB,LPDDR5X (Onboard),7467 MHz,Không hỗ trợ nâng cấp,N/A,"14""",2.8K (2880 x 1800) - OLED,N/A,100% DCI-P3,Thời gian phản hồi 0.2 ms,Card tích hợp - Intel Arc Graphics,N/A,2 x Thunderbolt 4 with USB-C (Power Delivery and DisplayPort),Bluetooth 5.3,HP Wide Vision 9 MP,Màn hình gập 360 độ,Đơn sắc - Màu trắng,Dài 313.7 mm - Rộng 220.4 mm - Dày 16.9 mm,1.44 kg,N/A,N/A,65 W,N/A,2024,,,N/A
327402,AMD Ryzen 9 - 8945HS,8,16,4GHz,Turbo Boost 5.20 GHz,16 MB,N/A,N/A,5600 MHz,64 GB,N/A,"15.6""",N/A,N/A,45% NTSC,N/A,"Card rời - NVIDIA GeForce RTX 4070, 8 GB",2 x 2W Speaker,1 x USB 2.0,Bluetooth 5.3,N/A,MUX Switch,Đèn chuyển màu RGB - 4 vùng,Dài 359 mm - Rộng 259 mm - Dày 24.9 mm,2.25 kg,N/A,N/A,200 W,N/A,2024,,Cooler Boost 5,
325306,Apple M2,8,Hãng không công bố,100GB/s,Hãng không công bố,Hãng không công bố,N/A,Hãng không công bố,Hãng không công bố,Không hỗ trợ nâng cấp,N/A,"13.6""",Liquid Retina (2560 x 1664),Hãng không công bố,,1 tỷ màu,Card tích hợp - 10 nhân GPU,Spatial Audio,MagSafe 3,Bluetooth 5.3,1080p FaceTime HD camera,Sạc MagSafe,Đơn sắc - Màu trắng,Dài 304.1 mm - Rộng 215 mm - Dày 11.3 mm,1.24 kg,N/A,Lên đến 18 giờ,,N/A,6/2022,,,
330578,AMD Ryzen 7 - 7435HS,8,16,3.1GHz,N/A,16 MB,N/A,N/A,5600 MHz,32 GB,"512 GB SSD NVMe PCIe 4.0 (Có thể tháo ra, lắp thanh khác tối đa 1 TB)","15.6""",N/A,N/A,62.5% sRGB,N/A,"Card rời - NVIDIA GeForce RTX 3050, 4 GB",N/A,1 x USB Type-C (hỗ trợ DisplayPort),Bluetooth 5.3,N/A,,Đèn chuyển màu RGB - 1 vùng,Dài 359 mm - Rộng 256 mm - Dày 24.5 mm,2.3 kg,N/A,N/A,180 W,N/A,2024,,,
318230,Apple M3 Pro - Hãng không công bố,11,Hãng không công bố,150 GB/s memory bandwidth,Hãng không công bố,Hãng không công bố,18 GB,Hãng không công bố,Hãng không công bố,Không hỗ trợ nâng cấp,N/A,"14.2""",Liquid Retina XDR display (3024 x 1964),up to 120 Hz,,"Độ sáng XDR: toàn màn hình 1000 nits, cao nhất 1600 nits (chỉ nội dung HDR)",Card tích hợp - 14 nhân GPU,Hệ thống âm thanh 6 loa,MagSafe 3,Bluetooth 5.3,1080p FaceTime HD camera,N/A,Đơn sắc - Màu trắng,Dài 312.6 mm - Rộng 221.2 mm - Dày 15.5 mm,1.61 kg,Vỏ nhôm tái chế 100%,Lên đến 18 giờ,70 W,macOS Sonoma,2023,N/A,,
330162,AMD Ryzen 7 - 7435HS,8,16,3.1GHz,N/A,16 MB,N/A,N/A,5600 MHz,32 GB,N/A,"15.6""",N/A,N/A,62.5% sRGB,N/A,"Card rời - NVIDIA GeForce RTX 2050, 4 GB",N/A,1 x USB Type-C 3.2 (hỗ trợ DisplayPort),Bluetooth 5.3,N/A,,Đèn chuyển màu RGB - 1 vùng,Dài 359 mm - Rộng 256 mm - Dày 24.5 mm,2.3 kg,N/A,N/A,150 W,N/A,2024,,,
323337,Intel Core i5 Raptor Lake - 1335U,10,12,1.3GHz,N/A,12 MB,N/A,N/A,3200 MHz,64 GB,N/A,"13.3""",N/A,N/A,45% NTSC,N/A,Card tích hợp - Intel UHD Graphics (Iris Xe Graphics chỉ hoạt động với RAM kênh đôi),N/A,1 x Thunderbolt 4 (hỗ trợ display/power delivery),Bluetooth 5.3,N/A,N/A,Đơn sắc - Màu trắng,Dài 306.9 mm - Rộng 208.4 mm - Dày 15.9 mm,1.22 kg,Vỏ kim loại - Nhôm,N/A,65 W,N/A,2023,Smart Card,,N/A
306104,Intel Core i3 Raptor Lake - 1315U,6,8,1.2GHz,N/A,10 MB,N/A,N/A,3200 MHz,16 GB,N/A,"14""",N/A,N/A,,N/A,Card tích hợp - Intel UHD Graphics,N/A,1 x USB 2.0,Bluetooth 5,N/A,Lớp phủ ASUS Antimicrobial Guard,Không có đèn,Dài 317.1 mm - Rộng 222 mm - Dày 19.9 mm,1.6 kg,N/A,N/A,45 W,N/A,2023,,Tản nhiệt ASUS IceCool Plus,
315955,Intel Core i5 Raptor Lake - 1340P,12,16,1.9GHz,N/A,12 MB,N/A,LPDDR5 (Onboard),4800 MHz,Không hỗ trợ nâng cấp,N/A,"14""",QHD+ (2560 x 1600) 16:10,N/A,,ComfortView Plus,"Card rời - NVIDIA GeForce RTX 2050, 4 GB",Realtek Audio,1 x USB Type-C Thunderbolt 4.0 (hỗ trợ DisplayPort và Power Delivery),Bluetooth 5.3,Full HD Webcam,N/A,Đơn sắc - Màu trắng,Dài 314 mm - Rộng 226.6 mm - Dày 16.49 ~ 18.52 mm,1.78 kg,N/A,N/A,65 W,Windows 11 Home SL + Office Home & Student vĩnh viễn,2023,N/A,,
330932,Intel Core i7 Raptor Lake - 13620H,10,16,2.4GHz,N/A,24 MB,32 GB,N/A,3200 MHz,64 GB,512 GB SSD NVMe PCIe Gen 4.0,"15.6""",N/A,N/A,45% NTSC,N/A,"Card rời - NVIDIA GeForce RTX 3050, 4 GB",N/A,1x Mic-in,Bluetooth 5.3,N/A,N/A,Đơn sắc - Màu xanh,Dài 359 mm - Rộng 254 mm - Dày 21.7 mm,1.86 kg,N/A,"3-cell Li-ion, 52.4 Wh",120 W,N/A,2024,,,
327900,Intel Core i7 Raptor Lake - 13650HX,14,20,2.6GHz,N/A,24 MB,N/A,N/A,4800 MHz,32 GB,"1 TB SSD M.2 PCIe Gen 4 (Có thể tháo ra, lắp thanh khác tối đa 2 TB)","15.6""",N/A,N/A,100% sRGB,ComfortView Plus,"Card rời - NVIDIA GeForce RTX 4060, 8 GB",Realtek Audio,1 x USB Type-C (hỗ trợ DisplayPort),N/A,N/A,,Đèn chuyển màu RGB - 4 vùng,Dài 357.26 mm - Rộng 274.52 mm - Dày 26.15 mm,2.81 kg,N/A,"6-cell Li-ion, 86 Wh",330 W,Windows 11 Home SL + Office Home & Student vĩnh viễn,2024,,,
328599,Intel Celeron - N4500,2,2,1.1GHz,Turbo Boost 2.80 GHz,4 MB,N/A,N/A,2933 MHz,Không hỗ trợ nâng cấp,N/A,"11.6""",N/A,N/A,45% NTSC,N/A,Card tích hợp - Intel UHD Graphics,N/A,1 x USB Type-C (chỉ hỗ trợ Power Delivery),N/A,N/A,N/A,Không có đèn,Dài 287.9 mm - Rộng 202.3 mm - Dày 15.9 mm,1.06 kg,N/A,"2 cell Li-ion, 40.2 Wh",45 W,Chrome OS,2023,N/A,,
285967,Intel Core i7 Alder Lake - 1255U,10,12,1.7GHz,N/A,12 MB,N/A,N/A,3200 MHz,32 GB,N/A,"15.6""",N/A,N/A,,BrightView,Card rời - NVIDIA GeForce MX550 2 GB,N/A,N/A,N/A,N/A,,Không có đèn,Dài 360.2 mm - Rộng 234 mm - Dày 17.9 mm,1.74 kg,N/A,N/A,65 W,N/A,2022,,,
322616,Apple M3 - Hãng không công bố,8,Hãng không công bố,100GB/s,Hãng không công bố,Hãng không công bố,N/A,Hãng không công bố,Hãng không công bố,Không hỗ trợ nâng cấp,N/A,"15.3""",Liquid Retina,Hãng không công bố,,1 tỷ màu,Card tích hợp - 10 nhân GPU,Hệ thống âm thanh 6 loa,MagSafe 3,Bluetooth 5.3,1080p FaceTime HD camera,N/A,Đơn sắc - Màu trắng,Dài 340.4 mm - Rộng 237.6 mm - Dày 11.5 mm,1.51 kg,Vỏ nhôm tái chế 100%,Lên đến 18 giờ,35 W,macOS Sonoma,2024,,,
321000,Apple M3 Pro - Hãng không công bố,12,Hãng không công bố,150 GB/s memory bandwidth,Hãng không công bố,Hãng không công bố,36 GB,Hãng không công bố,Hãng không công bố,Không hỗ trợ nâng cấp,N/A,"16.2""",Liquid Retina XDR display (3456 x 2234),up to 120 Hz,,"Độ sáng XDR: toàn màn hình 1000 nits, cao nhất 1600 nits (chỉ nội dung HDR)",Card tích hợp - 18 nhân GPU,Hệ thống âm thanh 6 loa,MagSafe 3,Bluetooth 5.3,1080p FaceTime HD camera,N/A,Đơn sắc - Màu trắng,Dài 355.7 mm - Rộng 248.1 mm - Dày 16.8 mm,2.14 kg,Vỏ nhôm tái chế 100%,Lên đến 22 giờ,140 W,macOS Sonoma,2023,N/A,,
328553,Intel Core i7 Raptor Lake - 14700HX,20,28,2.1GHz,Turbo Boost 5.50 GHz,33 MB,N/A,N/A,5600 MHz,96 GB,Hỗ trợ thêm 1 khe SSD NVMe PCIe Gen 5,"16""",Full HD+,N/A,45% NTSC,N/A,"Card rời - NVIDIA GeForce RTX 4050, 6 GB",N/A,"1 x USB Type-C (hỗ trợ USB, Power Delivery và DisplayPort)",Bluetooth 5.3,N/A,MUX Switch,Đèn chuyển màu RGB - 24 vùng,Dài 359 mm - Rộng 266.4 mm - Dày 27.7 mm,2.3 kg,N/A,N/A,200 W,N/A,2024,,Cooler Boost 5,
329335,AMD Ryzen 7 - 7435HS,8,16,3.1GHz,N/A,16 MB,N/A,DDR5 2 khe (1 khe 16 GB + 1 khe rời),4800 MHz,32 GB,512 GB SSD NVMe PCIe Gen 4.0,"16""",N/A,N/A,45% NTSC,AMD FreeSync Premium,"Card rời - AMD Radeon RX 7600S, 8 GB",N/A,1 x USB Type-C 3.2 (hỗ trợ Power Delivery và DisplayPort),Bluetooth 5.3,N/A,,Đơn sắc - Màu trắng,Dài 355 mm - Rộng 252 mm - Dày 26.8 mm,2.2 kg,Vỏ nhựa - nắp lưng bằng kim loại,N/A,240 W,N/A,2024,,,
330579,Intel Core Ultra 7 Lunar Lake - 258V,8,8,2.2GHz,N/A,12 MB,32 GB,LPDDR5X (Onboard),8533 MHz,Không hỗ trợ nâng cấp,N/A,"14""",2.8K (2880 x 1800) - OLED 16:10,N/A,100% DCI-P3,Thời gian phản hồi 0.2 ms,Card tích hợp - Intel Arc Graphics,N/A,"2 x Thunderbolt 4 (hỗ trợ Power Delivery, DisplayPort)",Wi-Fi 7 (802.11be),Full HD Webcam,N/A,Đơn sắc - Màu trắng,Dài 310.3 mm - Rộng 214.7 mm - Dày 12.9 mm,1.2 kg,Vỏ kim loại - Nhôm,N/A,65 W,Windows 11 Home SL + Office Home & Student vĩnh viễn,2024,,,
302983,Intel Core i7 Alder Lake - 1255U,10,12,1.7GHz,N/A,12 MB,N/A,DDR5 (Onboard),4800 MHz,Không hỗ trợ nâng cấp,N/A,"14""",N/A,N/A,100% sRGB,N/A,Card tích hợp - Intel Iris Xe Graphics,N/A,"2 x Thunderbolt 4 with USB-C (USB Power Delivery, DisplayPort 1.4)",Bluetooth 5.3,Camera 5.0 MP,Màn hình gập 360 độ,Đơn sắc - Màu trắng,Dài 315.6 mm - Rộng 225.6 mm - Dày 19.2 mm,1.35 kg,Vỏ kim loại - Nhôm,N/A,65 W,Windows 11 Pro,2022,Smart Card,,N/A
323338,Intel Core i7 Raptor Lake - 1355U,10,12,1.7GHz,N/A,12 MB,N/A,N/A,3200 MHz,64 GB,N/A,"13.3""",N/A,N/A,45% NTSC,N/A,Card tích hợp - Intel UHD Graphics (Iris Xe Graphics chỉ hoạt động với RAM kênh đôi),N/A,1 x Thunderbolt 4 (hỗ trợ display/power delivery),Bluetooth 5.3,N/A,N/A,Đơn sắc - Màu trắng,Dài 306.9 mm - Rộng 208.4 mm - Dày 15.9 mm,1.22 kg,Vỏ kim loại - Nhôm,N/A,65 W,N/A,2023,Smart Card,,N/A
323580,AMD Ryzen 7 - 7840HS,8,16,3.8GHz,N/A,16 MB,32 GB,N/A,5200 MHz,64 GB,512 GB SSD NVMe PCIe Gen 4.0,"16.1""",N/A,N/A,45% NTSC,N/A,"Card rời - NVIDIA GeForce RTX 4050, 6 GB",Audio by B&O,"1 x USB Type-C (hỗ trợ USB Power Delivery, DisplayPort 1.4)",Bluetooth 5.3,Full HD Webcam,N/A,Đèn chuyển màu RGB - 1 vùng,Dài 369 mm - Rộng 259.4 mm - Dày 23.9 mm,2.33 kg,N/A,N/A,230 W,N/A,2023,,,
323584,AMD Ryzen 7 - 7840HS,8,16,3.8GHz,N/A,16 MB,32 GB,N/A,5600 MHz,64 GB,512 GB SSD NVMe PCIe Gen 4.0,"16.1""",N/A,N/A,45% NTSC,N/A,"Card rời - NVIDIA GeForce RTX 4070, 8 GB",Audio by B&O,"1 x USB Type-C (hỗ trợ USB Power Delivery, DisplayPort 1.4)",Bluetooth 5.3,Full HD Webcam,N/A,Đèn chuyển màu RGB - 1 vùng,Dài 369 mm - Rộng 259.4 mm - Dày 23.9 mm,2.33 kg,N/A,N/A,230 W,N/A,2023,,,
323586,AMD Ryzen 9 - 7940HS,8,16,4GHz,Turbo Boost 5.20 GHz,16 MB,32 GB,N/A,5600 MHz,64 GB,"1 TB SSD M.2 PCIe Gen 4 (Có thể tháo ra, lắp thanh khác tối đa 2 TB)","16.1""",N/A,N/A,100% sRGB,Low Blue Light,"Card rời - NVIDIA GeForce RTX 4070, 8 GB",N/A,"2 x USB Type-C (hỗ trợ USB Power Delivery, DisplayPort 1.4)",Bluetooth 5.3,Full HD Webcam,N/A,Đèn chuyển màu RGB - 4 vùng,Dài 369 mm - Rộng 259.4 mm - Dày 23.5 mm,2.37 kg,N/A,"6-cell Li-ion, 83 Wh",280 W,N/A,2024,,,
327904,Intel Core i5 Raptor Lake - 1335U,10,12,1.3GHz,N/A,12 MB,N/A,N/A,3200 MHz,64 GB,512 GB SSD NVMe PCIe Gen 4.0,"15.6""",N/A,N/A,45% NTSC,N/A,Card tích hợp - Intel Iris Xe Graphics,Realtek Audio,1 x USB Type-C 3.2 (hỗ trợ Power Delivery và DisplayPort),Bluetooth 5.3,Full HD Webcam,N/A,Không có đèn,Dài 359 mm - Rộng 240 mm - Dày 20.44 mm,1.81 kg,N/A,N/A,65 W,N/A,2023,,,
327906,Intel Core Ultra 5 Meteor Lake - 125H,14,18,1.2GHz,N/A,18 MB,N/A,LPDDR5X (Onboard),7467 MHz,Không hỗ trợ nâng cấp,"2 TB SSD M.2 PCIe (Có thể tháo ra, lắp thanh khác tối đa 4 TB)","13.4""",N/A,N/A,100% sRGB,N/A,Card tích hợp - Intel Arc Graphics,Realtek Audio,2 x Thunderbolt 4 (hỗ trợ Power Delivery),Wi-Fi 7 (802.11be),Full HD Webcam,N/A,Đơn sắc - Màu trắng,Dài 295.3 mm - Rộng 199.1 mm - Dày 15.3 mm,1.22 kg,Vỏ hợp kim Nhôm,"3-cell, 55 Wh",60 W,Windows 11 Home SL + Office Home & Student vĩnh viễn,,N/A,,N/A
328598,Celeron - N4500,2,2,1.1GHz,Turbo Boost 2.80 GHz,4 MB,N/A,N/A,2933 MHz,Không hỗ trợ nâng cấp,N/A,"14""",N/A,N/A,45% NTSC,N/A,Card tích hợp - Intel UHD Graphics,N/A,N/A,N/A,N/A,N/A,Không có đèn,Dài 327.1 mm - Rộng 225.6 mm - Dày 15.9 mm,1.145 kg,N/A,"2 cell Li-ion, 42.3 Wh",45 W,Chrome OS,2023,N/A,,
329787,Intel Core Ultra 7 Meteor Lake - 155H,16,22,3.8GHz,N/A,24 MB,N/A,DDR5 2 khe (1 khe 16 GB + 1 khe rời),5600 MHz,32 GB,"1 TB SSD NVMe PCIe Gen 4 x 4 (Có thể tháo ra, lắp thanh khác nâng cấp tối đa 4 TB)","14""",N/A,N/A,100% sRGB,N/A,"Card rời - NVIDIA GeForce RTX 3050, 6 GB",N/A,1x Headphone-out,Wi-Fi 7 (802.11be),Full HD Webcam,N/A,Đơn sắc - Màu trắng,Dài 313.4 mm - Rộng 246.5 mm - Dày 18.95 mm,1.7 kg,Vỏ nhựa - nắp lưng bằng kim loại,N/A,140 W,N/A,2024,,,
313972,Intel Core i5 Raptor Lake - 13450HX,10,16,2.4GHz,N/A,20 MB,N/A,N/A,4800 MHz,32 GB,N/A,"16.1""",N/A,N/A,45% NTSC,N/A,"Card rời - NVIDIA GeForce RTX 4050, 6 GB",Audio by B&O,"1 x USB Type-C (hỗ trợ USB Power Delivery, DisplayPort 1.4)",Bluetooth 5.3,Full HD Webcam,N/A,Đèn chuyển màu RGB - 1 vùng,Dài 369 mm - Rộng 259.4 mm - Dày 23.9 mm,2.34 kg,N/A,N/A,230 W,N/A,2023,,,
320183,Intel Core i7 Raptor Lake - 13800H,14,20,2.5GHz,Turbo Boost 5.20 GHz,24 MB,32 GB,N/A,5200 MHz,64 GB,N/A,"15.6""",N/A,N/A,45% NTSC,N/A,"Card rời - NVIDIA GeForce RTX A500, 4 GB",N/A,1 x USB 3.2 (hỗ trợ PowerShare),Bluetooth 5.3,Full HD Webcam,N/A,Đơn sắc - Màu trắng,Dài 357.8 mm - Rộng 233.3 mm - Dày 22.7 mm,1.8 kg,N/A,"4-cell, 64 Wh",130 W,Windows 11 Pro,2023,N/A,,
323581,Intel Core i5 Raptor Lake - 13500H,12,16,2.6GHz,N/A,18 MB,32 GB,N/A,5200 MHz,64 GB,512 GB SSD NVMe PCIe Gen 4.0,"16.1""",N/A,N/A,45% NTSC,N/A,"Card rời - NVIDIA GeForce RTX 4050, 6 GB",Audio by B&O,"1 x USB Type-C (hỗ trợ USB Power Delivery, DisplayPort 1.4)",Bluetooth 5.3,Full HD Webcam,N/A,Đèn chuyển màu RGB - 1 vùng,Dài 369 mm - Rộng 259.4 mm - Dày 23.9 mm,2.33 kg,N/A,N/A,230 W,N/A,2023,,,
323582,Intel Core i5 Raptor Lake - 13500H,12,16,2.6GHz,N/A,18 MB,32 GB,N/A,5200 MHz,64 GB,512 GB SSD NVMe PCIe Gen 4.0,"16.1""",N/A,N/A,45% NTSC,N/A,"Card rời - NVIDIA GeForce RTX 4060, 8 GB",Audio by B&O,"1 x USB Type-C (hỗ trợ USB Power Delivery, DisplayPort 1.4)",Bluetooth 5.3,Full HD Webcam,N/A,Đèn chuyển màu RGB - 1 vùng,Dài 369 mm - Rộng 259.4 mm - Dày 23.9 mm,2.33 kg,N/A,N/A,230 W,N/A,2023,,,
325575,Intel Core i7 Raptor Lake - 14700HX,20,28,2.1GHz,Turbo Boost 5.50 GHz,33 MB,32 GB,N/A,5600 MHz,96 GB,Hỗ trợ thêm 1 khe SSD NVMe PCIe Gen 5,"17""",QHD+ (2560 x 1600) 16:10,N/A,100% DCI-P3,N/A,"Card rời - NVIDIA GeForce RTX 4070, 8 GB",4 x 2W Speaker,"1 x USB Type-C (hỗ trợ USB, Power Delivery, DisplayPort và Thunderbolt 4)",Wi-Fi 7 (802.11be),Full HD Webcam,N/A,Đèn chuyển màu RGB - Per-Key,Dài 382 mm - Rộng 260 mm - Dày 19 mm,2.49 kg,N/A,"4-cell, 90 Wh",240 W,N/A,2024,N/A,Vapor Chamber Cooler,N/A
323585,AMD Ryzen 7 - 7840HS,8,16,3.8GHz,N/A,16 MB,32 GB,N/A,5600 MHz,64 GB,"1 TB SSD M.2 PCIe Gen 4 (Có thể tháo ra, lắp thanh khác tối đa 2 TB)","16.1""",N/A,N/A,100% sRGB,Low Blue Light,"Card rời - NVIDIA GeForce RTX 4060, 8 GB",N/A,"2 x USB Type-C (hỗ trợ USB Power Delivery, DisplayPort 1.4)",Bluetooth 5.3,Full HD Webcam,N/A,Đèn chuyển màu RGB - 4 vùng,Dài 369 mm - Rộng 259.4 mm - Dày 23.5 mm,2.37 kg,N/A,"6-cell Li-ion, 83 Wh",280 W,N/A,2024,,,
326495,Intel Core i9 Raptor Lake - 14900HX,24,32,2.2GHz,Turbo Boost 5.80 GHz,36 MB,32 GB,N/A,5600 MHz,32 GB,N/A,"16""",N/A,N/A,100% DCI-P3,Low Blue Light,"Card rời - NVIDIA GeForce RTX 4090, 16 GB",N/A,"1 x USB-C 3.2 (hỗ trợ truyền dữ liệu, Power Delivery 140W và DisplayPort 1.4)",Bluetooth 5.3,Full HD Webcam,AI Chip LA2,Đèn chuyển màu RGB - Per-Key,Dài 363.5 mm - Rộng 262.1 mm - Dày 25.9 mm,2.62 kg,Vỏ kim loại - Nhôm,99.9 Wh,330 W,N/A,2024,,,
325307,Apple M3 Max - Hãng không công bố,14,Hãng không công bố,400GB/s,Hãng không công bố,Hãng không công bố,96 GB,Hãng không công bố,Hãng không công bố,Không hỗ trợ nâng cấp,N/A,"16.2""",Liquid Retina XDR display (3456 x 2234),up to 120 Hz,,"Độ sáng XDR: toàn màn hình 1000 nits, cao nhất 1600 nits (chỉ nội dung HDR)",Card tích hợp - 30 nhân GPU,Hệ thống âm thanh 6 loa,MagSafe 3,Bluetooth 5.3,1080p FaceTime HD camera,N/A,Đơn sắc - Màu trắng,Dài 355.7 mm - Rộng 248.1 mm - Dày 16.8 mm,2.16 kg,Vỏ nhôm tái chế 100%,Lên đến 22 giờ,140 W,macOS Sonoma,2023,N/A,,
329113,Intel Core Ultra 7 Meteor Lake - 155H,16,22,3.8GHz,N/A,24 MB,32 GB,LPDDR5X (Onboard),6400 MHz,Không hỗ trợ nâng cấp,"1 TB SSD M.2 PCIe Gen 4 (Có thể tháo ra, lắp thanh khác tối đa 2 TB)","13.3""",N/A,N/A,100% sRGB,N/A,Card tích hợp - Intel Arc Graphics,N/A,1 x Headphone/microphone combo,Bluetooth 5.3,Camera IR 5 MP,N/A,Đơn sắc - Màu trắng,Dài 301.7 mm - Rộng 214.8 mm - Dày 15.95 mm,1.17 kg,Mặt trên Sợi Carbon - Mặt dưới nhôm,54.7 Wh,65 W,Windows 11 Pro,2024,,,N/A
